query,engine,title,url,snippet
"luxury real estate private office Monaco",bing,"luxury做形容词时跟luxurious有什么区别吗？","https://www.bing.com/ck/a?!&&p=a9bef42be8830792f26d6f586847a2c7507121e6391202dab30da0ca07db2d8fJmltdHM9MTc3NTk1MjAwMA&ptn=3&ver=2&hsh=4&fclid=10a45804-5f6c-62da-3f97-4f3d5ec863b5&u=a1aHR0cHM6Ly93d3cuemhpaHUuY29tL3F1ZXN0aW9uLzMwNDM5MTUyMQ&ntb=1","2 Dec 2018 · 我把两者英英词典的解释再翻译回中文：Luxury主要用在表达值钱的，一看就价格不菲的意思，重点在价值，比较客观，比如一个luxury的红木桌；Luxurious主要表达感官上的舒适的，纵容 …"
"luxury real estate private office Monaco",bing,"英语lavish和luxury作为奢华意思区别是什么？","https://www.bing.com/ck/a?!&&p=aaee174a04d79c7397086aecd7b29298206c61ea335625a2b5e6a189038cd020JmltdHM9MTc3NTk1MjAwMA&ptn=3&ver=2&hsh=4&fclid=10a45804-5f6c-62da-3f97-4f3d5ec863b5&u=a1aHR0cHM6Ly93d3cuemhpaHUuY29tL3F1ZXN0aW9uLzE5Mjg0NDA4NzEwMzgxOTg4MTY&ntb=1","15 Jul 2025 · 【英语lavish和luxury作为奢华意思区别是什么？】 lavish 是形容词，luxury通常情况下是名词，它的形容词形式是luxurious。 我们首先要分清楚单词的词性，然后再来比较！ • lavish 的奢华， …"
"luxury real estate private office Monaco",bing,"如何区分奢饰品牌中的轻奢、高奢、顶奢，以及六大蓝和八大红？","https://www.bing.com/ck/a?!&&p=15a50787420cad145ef256b71e4db122d24f9e609db9900cac93c2dccc4dd5cfJmltdHM9MTc3NTk1MjAwMA&ptn=3&ver=2&hsh=4&fclid=10a45804-5f6c-62da-3f97-4f3d5ec863b5&u=a1aHR0cHM6Ly93d3cuemhpaHUuY29tL3F1ZXN0aW9uLzM5NTQxMTQwOQ&ntb=1","不过！其实红血和蓝血的概念最先来自于“模特圈”。在对于模特的评估中，更多决定超模排名位次的是代言、杂志和广告，而其中“六大蓝血、八大红血”的成绩影响最大。但是现在这个概念的范围越来越 …"
"luxury real estate private office Monaco",bing,"deluxe和luxurious都解释为豪华的，奢侈的，两者有什么区别？ - 知乎","https://www.bing.com/ck/a?!&&p=3ffa454151ceea89fce4710d0afd71084772375e601fb3533929398098ea196fJmltdHM9MTc3NTk1MjAwMA&ptn=3&ver=2&hsh=4&fclid=10a45804-5f6c-62da-3f97-4f3d5ec863b5&u=a1aHR0cHM6Ly93d3cuemhpaHUuY29tL3F1ZXN0aW9uLzM2MTA1NDM3Nw&ntb=1","The difference is that luxury is very expensive while deluxe is being very fine in quality or luxurious."
"luxury real estate private office Monaco",bing,"win11系统怎么把mp4形式的视频设置为动态壁纸？ - 知乎","https://www.bing.com/ck/a?!&&p=ad5dc5c8a34e3c3b41db81e8e880eb3ffdde36af5e1714ec94590a493b5b0ecbJmltdHM9MTc3NTk1MjAwMA&ptn=3&ver=2&hsh=4&fclid=10a45804-5f6c-62da-3f97-4f3d5ec863b5&u=a1aHR0cHM6Ly93d3cuemhpaHUuY29tL3F1ZXN0aW9uLzYxNjAyMjQzNC9hbnN3ZXJzL3VwZGF0ZWQ&ntb=1","7 Aug 2023 · 动态壁纸是不支持MP4格式的，所以需要借助壁纸软件或者把它转换成GIF，再设置为壁纸。 下面我把需要用到的壁纸软件、转换工具、设置方式都分享给你，希望可以帮到你。 一、动态壁 …"
"luxury real estate private office Monaco",bing,"锦江国际酒店集团旗下品牌有哪些? - 知乎","https://www.bing.com/ck/a?!&&p=2fac5a4334867d0c9f159eb326fe46f6cfe1cacaa8c1362a567eb0eb6de3ff39JmltdHM9MTc3NTk1MjAwMA&ptn=3&ver=2&hsh=4&fclid=10a45804-5f6c-62da-3f97-4f3d5ec863b5&u=a1aHR0cHM6Ly93d3cuemhpaHUuY29tL3F1ZXN0aW9uLzM5ODM2NjM5OQ&ntb=1","根据个人的住宿体验，来简单划分一下 锦江这个集团旗下的各种酒店。 简单划分为（不同门店会有一些区别） 轻酒店 （一星左右） 快捷酒店 （二星左右） 中端酒店 （三星左右） 中高端酒店 （四星左 …"
"luxury real estate private office Monaco",bing,"五星级酒店档次是如何分类的？ - 知乎","https://www.bing.com/ck/a?!&&p=485b94c043999fa209819271ffd390d2514bdfad09cab4264f7274cef3286cfaJmltdHM9MTc3NTk1MjAwMA&ptn=3&ver=2&hsh=4&fclid=10a45804-5f6c-62da-3f97-4f3d5ec863b5&u=a1aHR0cHM6Ly93d3cuemhpaHUuY29tL3F1ZXN0aW9uLzIxNDQxNDQw&ntb=1","瑞吉最不利的地方在于喜达屋和万豪合并之后，万豪似乎只在意自己的亲儿子，而对瑞吉这种原喜达屋品牌，处于放养状态。 LC：Luxury Collection，豪华精选，原喜达屋旗下软品牌，通过收购全球各地 …"
"luxury real estate private office Monaco",bing,"如何辨别区分Prestige品牌中的upmarket、premium、luxury品牌？","https://www.bing.com/ck/a?!&&p=34bb72df36f588d5735e330e10f055f63f3c5ec42e4e88ac8686c19b64f4a98eJmltdHM9MTc3NTk1MjAwMA&ptn=3&ver=2&hsh=4&fclid=10a45804-5f6c-62da-3f97-4f3d5ec863b5&u=a1aHR0cHM6Ly93d3cuemhpaHUuY29tL3F1ZXN0aW9uLzY4MDIzNTQ0&ntb=1","12 Nov 2017 · 3000元以上的手机都是 upmarket （高端手机），尺寸双摄接近的 IP8 比 M10 premium （溢价）了2400元，未在表中的接近万元的 iPhone X 属于奢侈品. Premium 是优质品牌，对的起那 …"
"luxury real estate private office Monaco",bing,"奢侈品 - 知乎","https://www.bing.com/ck/a?!&&p=52d5cddd899e9752a651313454faaf540317bc9b790784d52df04e521969ac02JmltdHM9MTc3NTk1MjAwMA&ptn=3&ver=2&hsh=4&fclid=10a45804-5f6c-62da-3f97-4f3d5ec863b5&u=a1aHR0cHM6Ly93d3cuemhpaHUuY29tL3RvcGljLzE5NTUxODQxL2ludHJv&ntb=1","24 Apr 2020 · 奢侈品（Luxury）在国际上被定义为“一种超出人们生存与发展需要范围的，具有独特、稀缺、珍奇等特点的消费品”，又称非生活必需品。 奢侈品在经济学上讲，指的是价值/品质关系比值最 …"
"luxury real estate private office Monaco",bing,"酒店的夜床服务（Turn Down Service）是怎样的? - 知乎","https://www.bing.com/ck/a?!&&p=f97e139476a72b68b1081665851777775d424a259c3cd09d4cecc756050749cfJmltdHM9MTc3NTk1MjAwMA&ptn=3&ver=2&hsh=4&fclid=10a45804-5f6c-62da-3f97-4f3d5ec863b5&u=a1aHR0cHM6Ly93d3cuemhpaHUuY29tL3F1ZXN0aW9uLzQ0MTE5MzA1&ntb=1","夜床服务的提供，是许多国际三星标准及以上酒店都应当具备的，但目前来看，实际上几乎仅限于奢华五星级（及以上）酒店（Luxury 5 Star）的所有客房，和豪华型五星级酒店（Deluxe 5 Star）的行政及 …"
"luxury real estate private office Dubai UAE",duckduckgo,"Private Office Dubai | Luxury Real Estate Brokers UAE","https://duckduckgo.com/l/?uddg=https%3A%2F%2Fwww.allsoppandallsopp.com%2Fprivate%2Doffice&rut=815665a3e6b2059370a647717529c491abef58865e339548753f6859454347d4","Browse 42+ exclusive private office for sale properties in Dubai. Premium off-market listings available only through Allsopp & Allsopp private office."
"luxury real estate private office Dubai UAE",duckduckgo,"Private Office Dubai | Luxury Real Estate Advisory | Clover Properties","https://duckduckgo.com/l/?uddg=https%3A%2F%2Fcloverproperties.ae%2Fprivate%2Doffice%2Fdubai&rut=8d3643f0732cc9a9c3b2ddb90d6456bd66a62bec87f1d5c9b9163af2b1ee37eb","Exclusive luxury real estate advisory in Dubai. Access off-market properties in Palm Jumeirah, Emirates Hills, Dubai Hills & more. Personalized service for discerning clients."
"luxury real estate private office Dubai UAE",duckduckgo,"Luxury offices for sale in Dubai - LuxuryEstate.com","https://duckduckgo.com/l/?uddg=https%3A%2F%2Fwww.luxuryestate.com%2Foffices%2Dunited%2Darab%2Demirates%2Fdubai&rut=4e9d1669d99b9a036b54892993d3c4cf161a749f397d153b3d3d55922169a68d","18 listings of luxury offices for sale in Dubai: on LuxuryEstate you will find thousands of listings selected by the best real estate agencies in the luxury sector in United Arab Emirates."
"luxury real estate private office Dubai UAE",duckduckgo,"Luxury Real Estate in Dubai | LuxuryX Agents","https://duckduckgo.com/l/?uddg=https%3A%2F%2Fluxuryx.co%2F&rut=9012afabee5331180b9709ae79915f7b4d6c4c91e468dc2c193b8a9e61635fc9","Luxury Real Estate in Dubai At LUXURYX AGENTS, we don't just sell property. We specialise in the art of working within Dubai's luxury real estate sector, where experience, trust, and expertise matter. Our foundation is built on three principles: Honesty, Sophistication, and Luxury."
"luxury real estate private office Dubai UAE",duckduckgo,"Luxury Excellence Real Estate Dubai | Premium Properties Dubai","https://duckduckgo.com/l/?uddg=https%3A%2F%2Fluxuryexcellence.ae%2F&rut=ca7f7439439635f802c16af61c655c591e8c003bd0a987cc333b36f7e5974d31","Discover exclusive luxury properties in Dubai with Luxury Excellence Real Estate. Trusted experts in high-end real estate, we offer premium investment opportunities, personalized service, and unmatched market knowledge."
"luxury real estate private office Dubai UAE",duckduckgo,"Home | Primaluxury","https://duckduckgo.com/l/?uddg=https%3A%2F%2Fprimaluxury.com%2F&rut=8277a6681cb61dd16044a42834ecd0f654792c27f8cdbba44ae9679df287aaf7","Discover luxury properties in Dubai with Primaluxury. We offer premium villas, apartments, and off-plan projects for sale and rent. Find your dream home in the UAE today."
"luxury real estate private office Dubai UAE",duckduckgo,"Luxury Real Estate in UAE | Buy Property with Dubai Sotheby's ...","https://duckduckgo.com/l/?uddg=https%3A%2F%2Fsothebysrealty.ae%2F&rut=92cd1caac587ab99b7d85d71de26ea9a6f078c63460800850c9d3f8a10472fad","Dubai Sotheby's International Realty: The leader in luxury homes, villas, and apartments. Buy, rent, or sell with confidence in Dubai real estate."
"luxury real estate private office Dubai UAE",duckduckgo,"Five Luxury Properties | Dubai's Premier Luxury Realtors","https://duckduckgo.com/l/?uddg=https%3A%2F%2Ffiveluxuryproperties.com%2F&rut=fbc9a5377419e1098469e0ee0a273b2f14a1dde092f9a8150debe065eb013528","Five Luxury Properties is Dubai's premier luxury real estate agency — connecting discerning clients with the finest properties across the UAE. We don't just sell homes — we curate extraordinary living experiences, built on trust, exclusivity, and unwavering expertise."
"luxury real estate private office Dubai UAE",duckduckgo,"Best Luxury Real Estate Agency in Dubai","https://duckduckgo.com/l/?uddg=https%3A%2F%2Fwww.morgansrealty.com%2F&rut=d382632ed45e22b4f6b3ca0b1910cc6361d0678060dfd64ebf045a1c5ad8d6de","Morgan's Realty offers the best real estate options in Dubai. Explore luxury properties, homes and villas for sale in Dubai's most prestigious communities."
"luxury real estate private office Dubai UAE",duckduckgo,"Luxury Property Experts - Buy and Rent Exclusive Properties in the UAE","https://duckduckgo.com/l/?uddg=https%3A%2F%2Fluxurypropertyexperts.com%2F&rut=644435b80707f1ada4a3182abdb08705849c70ea5f1a5f8aa32d9feeb1ae096e","Choose us for our unparalleled expertise, exclusive listings, and dedication to providing a superior real estate experience. We are your trusted partner in luxury property in the UAE."
"ultra prime real estate Singapore broker",bing,"手机型号中的Pro、Ultra、Note、Mate代表什么？您的手机呢？","https://www.bing.com/ck/a?!&&p=e2a10d404347e941c991f67abe2d75919f8c7a632b60fabfe63a28f5b1ea3bf0JmltdHM9MTc3NTk1MjAwMA&ptn=3&ver=2&hsh=4&fclid=18690844-ef08-6a6a-0a50-1f7deef46b5b&u=a1aHR0cHM6Ly93d3cuemhpaHUuY29tL3F1ZXN0aW9uLzU5MzQ5MTIzOQ&ntb=1","三星S23 Ultra 三、Mate Mate在英文里是伴侣的意思。华为的Mate系列主打高端商务手机，对标各个厂商的高端旗舰产品。Mate系列在这一含义上衍生出的是：期望智能手机可以成为用户的可靠伙伴， …"
"ultra prime real estate Singapore broker",bing,"英特尔的酷睿ultra和i系列CPU有什么区别？哪个好？ - 知乎","https://www.bing.com/ck/a?!&&p=64f02b4f56987b5fb4e420067a4f6f37a7b7200f1e7a8c721be9f986bc640eebJmltdHM9MTc3NTk1MjAwMA&ptn=3&ver=2&hsh=4&fclid=18690844-ef08-6a6a-0a50-1f7deef46b5b&u=a1aHR0cHM6Ly93d3cuemhpaHUuY29tL3F1ZXN0aW9uLzkyMTUwOTEwNzU&ntb=1","Ultra系列，相比同系列来说，最大的价值应该是核显增加了吧。 ultra 200系列性能也稳步提升。 具体情况具体分析，不能用名称直接下定义： 多线程生产力： 酷睿 Ultra 7 155H（16 核/22 线程）与 i7 …"
"ultra prime real estate Singapore broker",bing,"英特尔酷睿14代和酷睿 Ultra 处理器有什么区别？ - 知乎","https://www.bing.com/ck/a?!&&p=c175e31497966914be692b3578030bf6bdde04adb13d2dd135a012d813129054JmltdHM9MTc3NTk1MjAwMA&ptn=3&ver=2&hsh=4&fclid=18690844-ef08-6a6a-0a50-1f7deef46b5b&u=a1aHR0cHM6Ly93d3cuemhpaHUuY29tL3F1ZXN0aW9uLzYzOTkwODIyNg&ntb=1","能提到酷睿 Ultra，说明这看的是移动端，笔记本平台。 整懵了？这就对啦，这就是英特尔给出的2024三套全新系列，看不懂，恭喜你遇到正版英特尔命名啦！ 2024年的酷睿是命名一锅粥，除了旗舰游戏 …"
"ultra prime real estate Singapore broker",bing,"Intel新出来的ultra 9 285H，什么水平？","https://www.bing.com/ck/a?!&&p=64e817499b73ccc4c5bb5418860cd851860dc8f560a4af92a23edeca5ca3f4a4JmltdHM9MTc3NTk1MjAwMA&ptn=3&ver=2&hsh=4&fclid=18690844-ef08-6a6a-0a50-1f7deef46b5b&u=a1aHR0cHM6Ly93d3cuemhpaHUuY29tL3RhcmRpcy9iZC9hbnMvMTkxMTgxNjcyOTkwMzk4OTQ1NQ&ntb=1","功耗方面Ultra 9 285H的功耗和185H的功耗是相同的，对比Ultra 7 255H的功耗要大很多。Ultra 9 285H的功耗过高。 Ultra 9 285H 功耗比较高，比如和185H同样的功耗，但是它的基础频率和最大频率都 …"
"ultra prime real estate Singapore broker",bing,"知乎","https://www.bing.com/ck/a?!&&p=4f209222000b41c7d7ad23f9e336b5665ca9cf599727f0270c1c73c114e936f1JmltdHM9MTc3NTk1MjAwMA&ptn=3&ver=2&hsh=4&fclid=18690844-ef08-6a6a-0a50-1f7deef46b5b&u=a1aHR0cHM6Ly93d3cuemhpaHUuY29tL3F1ZXN0aW9uLzQ2Njg2MTMyMTI_d3JpdGU&ntb=1","桌面端15代U分别是：Ultra 5 245KUltra 7 265KUltra 9 285K好像是特意绕开以前的命名方式，是因为没有提…"
"ultra prime real estate Singapore broker",bing,"酷睿 Ultra 5 和 Ultra 7，或者i5和i7差距多大？ - 知乎","https://www.bing.com/ck/a?!&&p=99296b64607664dde436a24d335c63609f94b9604ff345fbc83c861a546eee22JmltdHM9MTc3NTk1MjAwMA&ptn=3&ver=2&hsh=4&fclid=18690844-ef08-6a6a-0a50-1f7deef46b5b&u=a1aHR0cHM6Ly93d3cuemhpaHUuY29tL3F1ZXN0aW9uLzY0MDIzNTc5Nw&ntb=1","Ultra 5 125H 对比 Ultra 7 155H 由于Ultra系列CPU采用分离式架构设计，包括3中类型的核心，另外还有独立的NPU，因此对Ultra系列的CPU我想应该从多个方向进行评估，比如CPU性能（单核，多核性 …"
"ultra prime real estate Singapore broker",bing,"【维P科普】14代英特尔酷睿 Ultra 处理器 型号规格参数全解析","https://www.bing.com/ck/a?!&&p=d9cbc7d087f554f7a5752992bc4692712810566c5d70eca5f8321444d8996870JmltdHM9MTc3NTk1MjAwMA&ptn=3&ver=2&hsh=4&fclid=18690844-ef08-6a6a-0a50-1f7deef46b5b&u=a1aHR0cHM6Ly93d3cuemhpaHUuY29tL3RhcmRpcy9iZC9hcnQvNjc3MjM2ODM5&ntb=1","14 Oct 2024 · 维生素P：【维P科普】没有14代的英特尔酷睿 Ultra 处理器 型号规格参数全解析 维生素P：【维P科普】不叫14代 也不叫 Ultra 的全新酷睿处理器 型号规格参数全解析 本文是这个系列里的 …"
"ultra prime real estate Singapore broker",bing,"Intel Ultra 5还是AMD R7 8845H？2025年高性价比笔记本选择策略分享","https://www.bing.com/ck/a?!&&p=7e5fe0e35548c697ba661cac5c56590925085dd36aa5d262c557497233297e39JmltdHM9MTc3NTk1MjAwMA&ptn=3&ver=2&hsh=4&fclid=18690844-ef08-6a6a-0a50-1f7deef46b5b&u=a1aHR0cHM6Ly93d3cuemhpaHUuY29tL3RhcmRpcy96bS9hcnQvNzE1MzM2MzQ5&ntb=1","9 Aug 2025 · 比如说，Ultra 5 125H版本的Thinkbook14+，笔记本左侧最内侧有一个TGX显卡扩展坞接口，而这玩意R7 8845H就没有。 AMD版本的Thinkbook14+，其实同样的位置就是封闭的，这也就等 …"
"ultra prime real estate Singapore broker",bing,"如何评价英特尔发布的全新 AI PC 处理器酷睿Ultra ？会为用户带来怎 …","https://www.bing.com/ck/a?!&&p=c14ed4fa9fe34f5cb2cd2b502247ee946e35843bb495010ad04b2599ad932cdbJmltdHM9MTc3NTk1MjAwMA&ptn=3&ver=2&hsh=4&fclid=18690844-ef08-6a6a-0a50-1f7deef46b5b&u=a1aHR0cHM6Ly93d3cuemhpaHUuY29tL3F1ZXN0aW9uLzYzNTAwNDMwOA&ntb=1","12月15日，英特尔酷睿Ultra第一代处理器Meteor Lake正式发布，这是目前首款采用Intel 4制造工艺、采用分离式模块化架构、以及首次内置人工智能加速引擎NPU的处理器，堪称英特尔处理器近年来最 …"
"ultra prime real estate Singapore broker",bing,"手机型号后面的 Pro、Plus、Max、ultra、Note、SE、e是什么意思？ …","https://www.bing.com/ck/a?!&&p=7a9e3f0dde84aad2bc4d39a3187183c2bfb74c309ae07c3a61894be1d9214154JmltdHM9MTc3NTk1MjAwMA&ptn=3&ver=2&hsh=4&fclid=18690844-ef08-6a6a-0a50-1f7deef46b5b&u=a1aHR0cHM6Ly93d3cuemhpaHUuY29tL3F1ZXN0aW9uLzEzNjM5NTk1MDY3&ntb=1","从定位上来看：Ultra > Max > Pro > Plus > 标准版 > Note > SE = e： 其中 iPhone 是 Max > Pro > 标准版 > SE = e； 其中 iPhone 的 SE > 国产手机的 SE。 厂商的算盘可以简单理解为： 将产品划分为 …"
"luxury property Switzerland private office broker",duckduckgo,"Executive Private Office - Private Office Space for Rent","https://duckduckgo.com/l/?uddg=https%3A%2F%2Fduckduckgo.com%2Fy.js%3Fad_domain%3Doffice%252Dhub.com%26ad_provider%3Dbingv7aa%26ad_type%3Dtxad%26click_metadata%3DNeZrwh8yPzRwZVYkHCkkc6cPbOPoxC%252Dx9fMzjmnXEebySfC4YcFNwVg1GZ2hU7hnBj5_gfBYCxH9TJZunLYma996KLs_vq642YJg5u83o5jqq68txbfnC9CoLAcuwff2BCIYGJpr5v_8B6X7VViy00AYqvBS0c1QgfAMIU2NVv0.0DhVR8kafKqxLUn9H1Ecmw%26rut%3D570d9fd4794537ab1d5665eb2b682650fe0a964554cdcda09c7eff32bcd36381%26u3%3Dhttps%253A%252F%252Fwww.bing.com%252Faclick%253Fld%253De8AlTK_yVmAXUVe4Lha_zw9jVUCUyS468jHZEsXmv2XEOH3E97yX2qHXy%252D3YBaoKvwB5SooxlR00mcN1z1yAdAWf%252DrJiA60_3Kb3oraT1LMZaJsOzoIXgpmHkC_Yoy2RceycXa8F0EErbcKDrMlBEokjkr22AoqIMcKZos34IJnI05H3p5SdrjUqESi%252DpT_VUuu%252D5gPhExNalJpkl6cTnwQuWhb0g%2526u%253DaHR0cHMlM2ElMmYlMmZ3d3cub2ZmaWNlLWh1Yi5jb20lMmZ1ayUyZnNlYXJjaCUzZmtleXdvcmQlM2Rwcml2YXRlJTI1MjBvZmZpY2VzJTI2bmV0d29yayUzZHMlMjZkZXZpY2UlM2RjJTI2Y2FtcGFpZ24lM2R1a19wcml2YXRlX2t3c19jYW1wYWlnbiUyNmxvY2F0aW9uJTNkJTI2d29ya3NwYWNlJTNkJTI2Y291bnRyeSUzZFVuaXRlZF9LaW5nZG9tJTI2bXNjbGtpZCUzZDg2MGVlZTE0ZDA1ZjE4ZjgzZmNiODdjZmE2YzdmMzY4JTI2dXRtX3NvdXJjZSUzZGJpbmclMjZ1dG1fbWVkaXVtJTNkY3BjJTI2dXRtX2NhbXBhaWduJTNkVUslMjUyMCUyNTdDJTI1MjBQcml2YXRlJTI1MjAlMjU3QyUyNTIwS1dzJTI1MjAlMjUyMCUyNTdDJTI1MjBDYW1wYWlnbiUyNnV0bV90ZXJtJTNkcHJpdmF0ZSUyNTIwb2ZmaWNlcyUyNnV0bV9jb250ZW50JTNkQWQlMjUyMEdyb3VwJTI1MjAx%2526rlid%253D860eee14d05f18f83fcb87cfa6c7f368%26vqd%3D4%2D264273634046413206815042605895077572642%26iurl%3D%257B1%257DIG%253D1CED063773134C099906D77785374F8D%2526CID%253D05CA194549D3650A2BA50E7C48F564C7%2526ID%253DDevEx%252C5046.1&rut=7137d4f25797f77c6075abe902f7582c1f3331d1b5481bf47ce93d420e386f34","Discover Private Office Spaces with Top-Tier Management and Services. Explore Now. Contact Our Industry Experts to Get the Best Deals and Find Your Ideal Office Space."
"luxury property Switzerland private office broker",duckduckgo,"Private Office - Naef Prestige | Knight Frank","https://duckduckgo.com/l/?uddg=https%3A%2F%2Fwww.naef%2Dprestige.ch%2Fen%2Fprivate%2Doffice%2F&rut=fa70d109406bc2be15770d8942223aec5c6b82e1b1c7542cb09f0f5a1515d969","Knight Frank's Private Office is a fully-integrated residential and commercial real estate advisory team, advising and transacting for high net worth clients, family offices and their advisors. Clients benefit from one point of contact, high quality service and a long-term relationship that will span family generations to come."
"luxury property Switzerland private office broker",duckduckgo,"Prestige at BARNES Switzerland","https://duckduckgo.com/l/?uddg=https%3A%2F%2Fen.barnes%2Dsuisse.ch%2Fp2808%2Dprestige.html&rut=7896877acc137ba449daff1185b9c6000a8a021536225d8ea462b19c4f6841f5","Are you selling or looking for an exceptional property worth over CHF 10 million? BARNES Private Office offers an unrivaled service in the world of luxury real estate brokerage."
"luxury property Switzerland private office broker",duckduckgo,"Switzerland Luxury Real Estate - Homes for Sale","https://duckduckgo.com/l/?uddg=https%3A%2F%2Fwww.sothebysrealty.com%2Feng%2Fsales%2Fche&rut=0bf85e44d39f7c3648eb842a4ded7e90e1645927c80781ef6c35287566909686","Search for luxury real estate in Switzerland with Sotheby's International Realty. View our exclusive listings of Switzerland homes and connect with an agent today."
"luxury property Switzerland private office broker",duckduckgo,"Switzerland - Brokers & Luxury estate agents - Luxuryestate.com","https://duckduckgo.com/l/?uddg=https%3A%2F%2Fwww.luxuryestate.com%2Fagents%2Dbrokers%2Fswitzerland&rut=5448fb05b530f425c810667920be181eb448d924edebd40cbc25b161abb21616","LuxuryEstate Brokers & Agencies Switzerland 218 results for: Switzerland - Brokers & Luxury estate agents List Relevance Office Sequoia Consulting Sagl Lugano - Switzerland"
"luxury property Switzerland private office broker",duckduckgo,"7 Top Luxury Real Estate Brokers in Switzerland - Ian Simpson","https://duckduckgo.com/l/?uddg=https%3A%2F%2Fwww.iansimpson.ch%2Fswiss%2Dinsights%2F7%2Dtop%2Dluxury%2Dreal%2Destate%2Dbrokers%2Din%2Dswitzerland&rut=461a8954a0e5508a2dcf24c36eb39127b4b4f02e8de428a13afd7ae79c2cbf5b","Sotheby's International Realty With 1,100 offices in 83 countries and over 26,500 brokers, Sotheby's International Realty is a global leader in luxury real estate. In Switzerland, they operate as Cardis Sotheby's International Realty, specializing in high-end properties in French-speaking Switzerland. They offer VIP services tailored to client needs and have 38 years of experience in high-end ..."
"luxury property Switzerland private office broker",duckduckgo,"Property experts in Switzerland | Knight Frank","https://duckduckgo.com/l/?uddg=https%3A%2F%2Fwww.knightfrank.com%2Fswitzerland&rut=adc0305ba0b6f1d210c41f5f4e37ebe28f47ebb5e487ef357a193510e2981a0e","Expert guidance in sourcing, selling and letting residential and commercial real estate in Switzerland."
"luxury property Switzerland private office broker",duckduckgo,"Luxury real estate - Zurich | Sotheby's International Realty ...","https://duckduckgo.com/l/?uddg=https%3A%2F%2Fwww.ch%2Dsothebysrealty.ch%2Fen&rut=5ea2d072f49962940120d1016e9868259c1a6e4cb8b2c9062b134ffc85ffc09d","Zurich Sotheby's International Realty is one of the leading real estate companies for the brokerage of exclusive properties in German-speaking Switzerland."
"luxury property Switzerland private office broker",duckduckgo,"Find a property | Switzerland Sotheby's International Realty - agence ...","https://duckduckgo.com/l/?uddg=https%3A%2F%2Fwww.switzerland%2Dsothebysrealty.ch%2Fen%2Fachat&rut=1713e8b280601fa11dab9862dd5f86cf80fa763b452c9c8e32dcd1a949facdeb","I would like to contact a broker A wide range of properties Switzerland Sotheby's International Realty®, is a solid network of dynamic agencies perfectly located in the most sought-after regions, ensuring proximity and an impressive choice of properties in Switzerland."
"luxury property Switzerland private office broker",duckduckgo,"Buy or Rent Luxury Real Estate in Switzerland - Naef Prestige","https://duckduckgo.com/l/?uddg=https%3A%2F%2Fwww.naef%2Dprestige.ch%2Fen%2F&rut=c6c6dfb7f4453f30bb72fd4cb21a36a839f816401cd40a0cf64ad8bc37c07035","★★★★ Luxury estate in Switzerland. Take a look at our exclusive selection of prestigious properties, from luxury apartments to villas and castles."
"luxury property Switzerland private office broker",duckduckgo,"Luxury properties across Switzerland | Luxury Places","https://duckduckgo.com/l/?uddg=https%3A%2F%2Fwww.luxury%2Dplaces.ch%2Fen%2Fabout&rut=6cde481379285a20863768141ea2d712aee37704efd9a7a894d8edb8180ae3a7","Luxury properties across Switzerland Luxury Places SA is a Swiss company, with offices in Geneva and in Lausanne, specializing in charming and luxury real estate in Switzerland and abroad."
"fine art advisory firm UHNW London",bing,"英语国家的人如何使用'OK','Fine','Right','Yes','Good'?","https://www.bing.com/ck/a?!&&p=aadf5a29e9f025b059c5f7d524d1ea0e4174a7bb94b44e2c01334bd9745af3a2JmltdHM9MTc3NTk1MjAwMA&ptn=3&ver=2&hsh=4&fclid=209f267d-e94d-621f-34da-3144e8f96367&u=a1aHR0cHM6Ly93d3cuemhpaHUuY29tL3F1ZXN0aW9uLzI2NjQ4NjExMQ&ntb=1","fine一般都表达不情愿 不愿意做 但还是答应了 right一般表示明白了对方 yes是语气很重的肯定回答 很正式 比较严肃 good用在回答how are you的时候 严格来说是错的语法 但无所谓 大家都直接说 一般是 …"
"fine art advisory firm UHNW London",bing,"""fine""的用法是什么？_百度知道","https://www.bing.com/ck/a?!&&p=623f45b0da94553620cac9344ff7a8059ce04fc4c1e21a31f35e46a455a31c9eJmltdHM9MTc3NTk1MjAwMA&ptn=3&ver=2&hsh=4&fclid=209f267d-e94d-621f-34da-3144e8f96367&u=a1aHR0cHM6Ly96aGlkYW8uYmFpZHUuY29tL3F1ZXN0aW9uLzI3NTM0NjA4NTU1MTAyODg4NS5odG1s&ntb=1","1 Aug 2024 · ""fine""的用法是什么？Fine的用法：一、形容词 (adj.)1. Fine 用来描述经过加工、提炼的事物，表示“精美”的意思。它也可以引申为“美好的、优秀的、优良的、杰出的”、“纤细的”、“细微的”、“晴 …"
"fine art advisory firm UHNW London",bing,"如果用lora微调llm，大概什么级别的卡就可以fine-tune?","https://www.bing.com/ck/a?!&&p=881f4120ac5b2d3e4723d5a7aef6f1fe10f252f44e671e5b3fe624d88739d5a5JmltdHM9MTc3NTk1MjAwMA&ptn=3&ver=2&hsh=4&fclid=209f267d-e94d-621f-34da-3144e8f96367&u=a1aHR0cHM6Ly93d3cuemhpaHUuY29tL3F1ZXN0aW9uLzUyMTY2NzUwNTc_d3JpdGU&ntb=1","26 Nov 2024 · 有代表性的卡有P100、T4等，如果要使用半精度装入模型fine-tuning，得用24G显存的卡，如 RTX3090 、 RTX4090 等。 12G及以下的如2080Ti等，就基本上被排除掉了。 2、13B参数的 …"
"fine art advisory firm UHNW London",bing,"大模型的alignment和fine-tune有什么区别？","https://www.bing.com/ck/a?!&&p=a037012a4f146cbec76aa6faefe925a7054162a4089429ffd1b4b8594b98c142JmltdHM9MTc3NTk1MjAwMA&ptn=3&ver=2&hsh=4&fclid=209f267d-e94d-621f-34da-3144e8f96367&u=a1aHR0cHM6Ly93d3cuemhpaHUuY29tL3F1ZXN0aW9uLzU5MjQ4NzY3MQ&ntb=1","语言模型的fine-tune流程 简单举几个例子：ResNet诞生之后，绝大部分工作都会拿它来做一个feature extractor， 但是ResNet作为分类网络，往往会跟下游任务需求（比方说captioning、segmentation …"
"fine art advisory firm UHNW London",bing,"Fine-tuning是什么意思？ - 知乎","https://www.bing.com/ck/a?!&&p=fdc0eb60cc9c4c28e73bae5d310ecf96990b6a73b80a1be261478a995526399dJmltdHM9MTc3NTk1MjAwMA&ptn=3&ver=2&hsh=4&fclid=209f267d-e94d-621f-34da-3144e8f96367&u=a1aHR0cHM6Ly93d3cuemhpaHUuY29tL3F1ZXN0aW9uLzI0NDU4ODA0&ntb=1","Fine-tuning在NLP中最早的已知应用是在神经机器翻译（NMT）的背景下，其中研究人员使用预训练的神经网络来初始化一个更小的网络的权重，然后对其进行了特定的翻译任务的微调。 经典的fine-tuning …"
"fine art advisory firm UHNW London",bing,"什么是fine dining？ - 知乎","https://www.bing.com/ck/a?!&&p=2b7aef5788770c91f3788ea9c2892ec0579ba7097cef376fe7e277d3d941dfffJmltdHM9MTc3NTk1MjAwMA&ptn=3&ver=2&hsh=4&fclid=209f267d-e94d-621f-34da-3144e8f96367&u=a1aHR0cHM6Ly93d3cuemhpaHUuY29tL3F1ZXN0aW9uLzI2MDY5ODQ2&ntb=1","成功的Fine Dining，犹如迎接新娘初夜。 Fine Dining一餐吃上3小时，是再寻常不过的事，最重要的也是仪式感。 所以一家好的Fine Dining餐厅，没有翻台之说。 一晚上只接待预约的食客，walk in 是不可 …"
"fine art advisory firm UHNW London",bing,"it s fine是什么意思_百度知道","https://www.bing.com/ck/a?!&&p=ae223717ce35f523b4371856c30a09f31b1b0bb17b0870f1b28f162accb43322JmltdHM9MTc3NTk1MjAwMA&ptn=3&ver=2&hsh=4&fclid=209f267d-e94d-621f-34da-3144e8f96367&u=a1aHR0cHM6Ly96aGlkYW8uYmFpZHUuY29tL3F1ZXN0aW9uLzIxMDg0NDYxMzExNjA1MzI4NS5odG1s&ntb=1","16 Dec 2023 · It's fine这个短语可以表示“没事儿”的意思，通常用于安慰人或回应别人的关心。比如，当你的朋友遭遇到小挫折时，你可以说“it's fine, don't worry about it”，以表示你的支持和鼓励。而当别人 …"
"fine art advisory firm UHNW London",bing,"Fine BI｜企微自动化推送 | 1. 帆软BI有一个定时推送的功能，最近刚刚 …","https://www.bing.com/ck/a?!&&p=a6327f6037b11ae7e7ee1c553b9f05afc925587597c9eacc32c744e54d95a342JmltdHM9MTc3NTk1MjAwMA&ptn=3&ver=2&hsh=4&fclid=209f267d-e94d-621f-34da-3144e8f96367&u=a1aHR0cHM6Ly93d3cuemhpaHUuY29tL3Bpbi8xOTI4MzY3NjYyOTgwOTA0Nzg4&ntb=1","Fine BI的可视化，结合自动化推送功能，极大提升了工作效率～ （自动化推送到企微，需要购买插件） ps1: 做好的仪表板导出PDF，图表可能会略显模糊，用定时推送PDF，文件内容“清晰度”会高一些哦；"
"fine art advisory firm UHNW London",bing,"It is ok/good/fine for/with me？ | WordReference Forums","https://www.bing.com/ck/a?!&&p=5025ab736e6e9db378c8a5dfde744f3de310704fe6b8b71aad94c9c4347a0d3aJmltdHM9MTc3NTk1MjAwMA&ptn=3&ver=2&hsh=4&fclid=209f267d-e94d-621f-34da-3144e8f96367&u=a1aHR0cHM6Ly9mb3J1bS53b3JkcmVmZXJlbmNlLmNvbS90aHJlYWRzL2l0LWlzLW9rLWdvb2QtZmluZS1mb3Itd2l0aC1tZSVFRiVCQyU5Ri4zODM3MDI1Lw&ntb=1","21 Jun 2021 · 1Business Partner asked me about the items in agreement. I replied""I am good with the content."" i thought it meant ""I agree the items"" I consulted the dictionary, it showed ""be good with"" …"
"fine art advisory firm UHNW London",bing,"为什么“美术”的英文是“Fine art”？ - 知乎","https://www.bing.com/ck/a?!&&p=90ce1cba316660c20468da0e3fa8ac45d51e55be83437d13fb58d243eb554fbdJmltdHM9MTc3NTk1MjAwMA&ptn=3&ver=2&hsh=4&fclid=209f267d-e94d-621f-34da-3144e8f96367&u=a1aHR0cHM6Ly93d3cuemhpaHUuY29tL3F1ZXN0aW9uLzIxNDMwOTI1&ntb=1","fine art在wiki上的解释是“Fine art, from the 17th century on, has meant art forms developed primarily for aesthetics, distinguishing them from applied arts that also have to serve some practical function."
"art advisory collector Switzerland",duckduckgo,"Fischer Art Advisory⏐Zurich, Switzerland","https://duckduckgo.com/l/?uddg=https%3A%2F%2Ffischerartadvisory.com%2F&rut=6c2b2c9e3be472484dd4afe5bfd611f546d70b9924b0e6fd336995f7582e88ad","Fischer Art Advisory in Zurich, established in 2015 by Xavier Fischer, provides expert art consultancy to private collectors."
"art advisory collector Switzerland",duckduckgo,"Home | Alberto Art Consulting","https://duckduckgo.com/l/?uddg=https%3A%2F%2Fwww.alberto%2Dart%2Dadvisory.com%2F&rut=d1afa9058f5472976f849612fb0923465cadb65b61fdac0b7b13e6df6a7b38a5","Strategic Art Advisory & Fund Management Alberto Art Advisory (AAA) offers a broad set of art advisory services from collection management, art valuation and art fund investment management. With our local presence in Zurich, we operate on a global scale with our international partners."
"art advisory collector Switzerland",duckduckgo,"Art Consulting | Artinic | Switzerland","https://duckduckgo.com/l/?uddg=https%3A%2F%2Fwww.artinic.com%2F&rut=520e59dfc076b3fa285579108ef65835525ec358524014679fca376ca13171a4","the art story curated over generations artinic grew from an art-dealing store in Basel, Switzerland in 1881 to a network of art lovers, collectors & curators around the globe in 2018. Since 1991, the company has opened up new markets, achieved international recognition, and steadily developed its art services."
"art advisory collector Switzerland",duckduckgo,"Art Advisory - Waldstein","https://duckduckgo.com/l/?uddg=https%3A%2F%2Fwaldstein%2Dart.ch%2Fart%2Dadvisory%2F&rut=24294e6ba86428ee7e7f17386642ae1ae86bc860e72e38d453e32f11f2ad8c57","Art Advisory Analysis and evaluation of the artistic heritage Standardized procedures The Art Market Every consultation is supported by accurate examinations and verifications Purchasing a work of art represents an investment that, in addition to following pondered reflections, should also adapt to market rules."
"art advisory collector Switzerland",duckduckgo,"Home | RomeroRamosFineArt","https://duckduckgo.com/l/?uddg=https%3A%2F%2Fwww.romeroramosfineart.ch%2F&rut=59a172d5509acbd11ce8d6380c83388949b89e97c1bc8f0f06d0f3824ebe8516","Romero Ramos Fine Art is an art consulting and art advisory company based in Lugano Switzerland, specializing in contemporary and modern art. We are also committed to providing clients, with comprehensive art services, to manage their collection, properly cared, and enhance their appreciation and enjoyment of art. About the Founder Romero Ramos has been active on the international secondary ..."
"art advisory collector Switzerland",duckduckgo,"areaconsulting - Art advisory consulting","https://duckduckgo.com/l/?uddg=https%3A%2F%2Fwww.areaconsulting.ch%2F&rut=a0d34e0cffa993008e4ab64f6ede961266f4e3cbdc47d206a3bdfe07dd1d6e1d","Our clients range from private collectors to public galleries, and including collections managed by investment funds through private institutions. We specialize in the acquisition of works of art through private sales or auction, always in the strictest confidence and under the most appropriate conditions."
"art advisory collector Switzerland",duckduckgo,"Iain Brunt - Art Advisor","https://duckduckgo.com/l/?uddg=https%3A%2F%2Fwww.artadvisor.ch%2F&rut=3194e1ea622a2c3a624a34ebc5158bc593a6444569806b75a73dd083ced2160b","Iain and his Swiss team specialise in advising art buyers and collectors on how and where to sell and buy artworks across the world."
"art advisory collector Switzerland",duckduckgo,"ABOUT - Sabah Art Advisory","https://duckduckgo.com/l/?uddg=https%3A%2F%2Fwww.sabah%2Dartadvisory.com%2Fabout&rut=364ada46ca257e966ea72340865573dcecb11fdff32ff502018bb8ccf88aec87","Global art advisors in Geneva, Switzerland, offering expert guidance in Contemporary and Post-War art. Elevate your collection with our comprehensive services."
"art advisory collector Switzerland",duckduckgo,"Art Advisory Services | Edward Mitterrand | Geneva","https://duckduckgo.com/l/?uddg=https%3A%2F%2Fwww.advisory.art%2F&rut=a024a8dd98e9a025530dc75f16dbd9d9166d6784a15c79ce623b03bc274e60cf","Edward Mitterrand Art Advisory is an office dedicated to assist individuals but also corporations, financial institutions, interior architects and real estate professionals in all aspects related to their needs, or their clients needs, in relation to contemporary art."
"art advisory collector Switzerland",duckduckgo,"ORA Art Advisory","https://duckduckgo.com/l/?uddg=https%3A%2F%2Foraaa.net%2F&rut=44f7fc96696e575e8e7e620b0b304cc56210ebc70c44857cc063870c2d5182f0","ORA is a Zurich-based art advisory boutique founded by Marco Antonini. Whether your project requires a one-to-one consultation or a team effort, we can leverage a global network of like-minded art professionals: curators, appraisers, auctioneers, collectors, philanthropists and artists. This multiplicity provides clients with multilayered knowledge and access."
"private art dealer Monaco",bing,"Browse in Incognito mode - Computer - Google Chrome Help","https://www.bing.com/ck/a?!&&p=255b7ac43d1b66d48298a4d396f5d4d27ecb904f1bd30f9f178381daf4ff8d58JmltdHM9MTc3NTk1MjAwMA&ptn=3&ver=2&hsh=4&fclid=03b6a7b6-ab17-62bc-2bd6-b08faa486393&u=a1aHR0cHM6Ly9zdXBwb3J0Lmdvb2dsZS5jb20vY2hyb21lL2Fuc3dlci85NTQ2ND9obD1lbiZjbz1HRU5JRS5QbGF0Zm9ybSUzRERlc2t0b3A&ntb=1","While Incognito can help keep your browsing private on your device, it doesn’t make you invisible. Websites you visit, including Google sites, and organizations that manage your network, like your …"
"private art dealer Monaco",bing,"Hide sensitive apps with private space - Android Help","https://www.bing.com/ck/a?!&&p=78e9f3a71d0d48f765a52516b6d91f17fa87ad5673bfcf507a048cd3e93efb5cJmltdHM9MTc3NTk1MjAwMA&ptn=3&ver=2&hsh=4&fclid=03b6a7b6-ab17-62bc-2bd6-b08faa486393&u=a1aHR0cHM6Ly9zdXBwb3J0Lmdvb2dsZS5jb20vYW5kcm9pZC9hbnN3ZXIvMTUzNDE4ODU_aGw9ZW4&ntb=1","To keep your sensitive apps away from prying eyes, you can set up private space, a separate space on your Android device to hide and organize apps. With private space, you can: Create a digital sa"
"private art dealer Monaco",bing,"Can't see private videos - YouTube Help - Google Help","https://www.bing.com/ck/a?!&&p=1fed860eced5b7d506c73adfe58f2c9497359b05b58a2272f2d5824877f7f4a3JmltdHM9MTc3NTk1MjAwMA&ptn=3&ver=2&hsh=4&fclid=03b6a7b6-ab17-62bc-2bd6-b08faa486393&u=a1aHR0cHM6Ly9zdXBwb3J0Lmdvb2dsZS5jb20veW91dHViZS9hbnN3ZXIvNzcyNzI_aGw9ZW4tR0I&ntb=1","Private videos can only be seen by people who have been invited to view the video. Here are some possible reasons why you or somebody you've shared the video with aren't able to see a private video:"
"private art dealer Monaco",bing,"Change video privacy settings - Computer - YouTube Help","https://www.bing.com/ck/a?!&&p=28a4b06416ffde5f2551bea1cd433f45a2711ec5396a1ef69a67d5fb441b6668JmltdHM9MTc3NTk1MjAwMA&ptn=3&ver=2&hsh=4&fclid=03b6a7b6-ab17-62bc-2bd6-b08faa486393&u=a1aHR0cHM6Ly9zdXBwb3J0Lmdvb2dsZS5jb20veW91dHViZS9hbnN3ZXIvMTU3MTc3P2hsPWVuLUdCJmNvPUdFTklFLlBsYXRmb3JtJTNERGVza3RvcA&ntb=1","Click the down arrows under 'Visibility' and choose Public, Private or Unlisted. Save. Note: The default video privacy setting for creators aged 13–17 is private. If you're 18 or older, your default video …"
"private art dealer Monaco",bing,"public，private 和 static 的区别是什么？ - 知乎","https://www.bing.com/ck/a?!&&p=a8932d4197e821098ae5d76e4f6f8a352e4dbcb1f0b598b76c55dcd16c442920JmltdHM9MTc3NTk1MjAwMA&ptn=3&ver=2&hsh=4&fclid=03b6a7b6-ab17-62bc-2bd6-b08faa486393&u=a1aHR0cHM6Ly93d3cuemhpaHUuY29tL3F1ZXN0aW9uLzIwNjEwOTcy&ntb=1","。 public和private是一种修饰词，可以修饰类，方法（包括构造方法），属性，回到你说的问题这个设计是为了Java的三大特点之一的封装，也就是说用你有几个盒子你可以在上面写标签比如你写public那 …"
"private art dealer Monaco",bing,"Google Chrome Help","https://www.bing.com/ck/a?!&&p=7419324ee2d967e024a735cb312a9e0c48642a2f9aebc25333637d34104ec32bJmltdHM9MTc3NTk1MjAwMA&ptn=3&ver=2&hsh=4&fclid=03b6a7b6-ab17-62bc-2bd6-b08faa486393&u=a1aHR0cHM6Ly9zdXBwb3J0Lmdvb2dsZS5jb20vY2hyb21lLz9obD1lbi1HQg&ntb=1","Official Google Chrome Help Center where you can find tips and tutorials on using Google Chrome and other answers to frequently asked questions."
"private art dealer Monaco",bing,"Videos locked as private - YouTube Help - Google Help","https://www.bing.com/ck/a?!&&p=40e0ad5810f75295940a80b55934d685d3aeb3b067876a7469efc960697053f2JmltdHM9MTc3NTk1MjAwMA&ptn=3&ver=2&hsh=4&fclid=03b6a7b6-ab17-62bc-2bd6-b08faa486393&u=a1aHR0cHM6Ly9zdXBwb3J0Lmdvb2dsZS5jb20veW91dHViZS9hbnN3ZXIvNzMwMDk2NT9obD1lbi1HQg&ntb=1","Videos locked as private At YouTube, we believe in addressing abuse in ways that create real, positive impact while also making the site great for creators and viewers all over the world."
"private art dealer Monaco",bing,"Delete or hide your YouTube channel - Google Help","https://www.bing.com/ck/a?!&&p=a6daed640f9b6a92cc4695a76f7f21d8f5a02c3c5f208dac2584ee04349427faJmltdHM9MTc3NTk1MjAwMA&ptn=3&ver=2&hsh=4&fclid=03b6a7b6-ab17-62bc-2bd6-b08faa486393&u=a1aHR0cHM6Ly9zdXBwb3J0Lmdvb2dsZS5jb20veW91dHViZS9hbnN3ZXIvNTU3NTk_aGw9ZW4&ntb=1","Hiding your channel will make channel name, videos, likes, subscriptions, and subscribers private. Additionally, your view counts may be inaccurate. After you re-enable your channel, it can take up to …"
"private art dealer Monaco",bing,"什么是SPOC（Small Private Online Course）？ - 知乎","https://www.bing.com/ck/a?!&&p=92d16fb7c75491f353d9f621946993162fd882249c875efa7a4d0df1be0ce5eaJmltdHM9MTc3NTk1MjAwMA&ptn=3&ver=2&hsh=4&fclid=03b6a7b6-ab17-62bc-2bd6-b08faa486393&u=a1aHR0cHM6Ly93d3cuemhpaHUuY29tL3F1ZXN0aW9uLzIyMjUzNDM0&ntb=1","2. SPOC是private，私有的，即意味着是收费的（学习过程收费）；SPOC通常由学习者独自付费，或由学习者所在的组织付费，比如某个企业人力资源部门买下一门SPOC课程，供某个部门大概三十人左 …"
"private art dealer Monaco",bing,"Hide sensitive apps with private space - Pixel Phone Help","https://www.bing.com/ck/a?!&&p=64ad6e1faf4caa2c5bd68db1a37d5f3720f4ce8748fe2c13fbfac3f75e26c1cbJmltdHM9MTc3NTk1MjAwMA&ptn=3&ver=2&hsh=4&fclid=03b6a7b6-ab17-62bc-2bd6-b08faa486393&u=a1aHR0cHM6Ly9zdXBwb3J0Lmdvb2dsZS5jb20vcGl4ZWxwaG9uZS9hbnN3ZXIvMTUzNDE4ODU_aGw9ZW4tZ2I&ntb=1","To keep your sensitive apps away from prying eyes, you can set up private space, a separate space on your Android device to hide and organise apps. With private space, you can: Create a digital sa"
"classic car auction house US broker",duckduckgo,"Broad Arrow Auctions | Driven by Hagerty | Classic Car Auctions","https://duckduckgo.com/l/?uddg=https%3A%2F%2Fwww.broadarrowauctions.com%2F&rut=6ac91463520587d0458abc30cff6341450aec4d567f7552bf0475f3e959e38ad","Broad Arrow Auctions, driven by Hagerty, is a collector car auction house that focuses on selling classic automobiles with the utmost transparency and integrity."
"classic car auction house US broker",duckduckgo,"Classic Car Auction Group","https://duckduckgo.com/l/?uddg=https%3A%2F%2Fwww.classiccarauction.us%2F&rut=f0f906ad4a23082248e59aee459f6f984f9229c46f115893740f21913f3920a1","We work hard to find the best classic and collector vehicles from across the country and present them for sale in a fun and easy-to-access auction format. Whether on-site or online only, you can bid in real-time on all of our auctions through a video livestream."
"classic car auction house US broker",duckduckgo,"Classic Car Auto Brokerage | Sell Your Classic Today","https://duckduckgo.com/l/?uddg=https%3A%2F%2Fwww.carusoclassics.com%2F&rut=b51a9172e55db4fafbed84d239309c80d84601a456f5f270f5de43cc9323c544","We don't just LIST.. we SELL Caruso Classics is the marketing, consignment, and auction division of Caruso Motor Cars LLC, a classic automotive brokerage and consignment corporation representing private collectors with integrity."
"classic car auction house US broker",duckduckgo,"Private Sales - RM Sotheby's","https://duckduckgo.com/l/?uddg=https%3A%2F%2Frmsothebys.com%2Fprivate%2Dsales%2F&rut=2b284b7534c1d8482ee92d40ae59d8b732575aeff685718b027363b6bbc55dc0","RM Sotheby's is the number one classic car auction house in the world. Cars for auction include rare antique, classic, and sports & racing cars."
"classic car auction house US broker",duckduckgo,"Classic Car Auctions | Car and Classic","https://duckduckgo.com/l/?uddg=https%3A%2F%2Fwww.carandclassic.com%2Fauctions&rut=2da56b348e85ef39ff21339eb307f61221ab70201b604919e2cc83413afde5e3","The cheapest, safest way to buy and sell classics online. Best choice of classics & collectibles The only auction with escrow for secure payments. Start bidding now and find your dream classic car!"
"classic car auction house US broker",duckduckgo,"Iconic Auctioneers | Classic Car & Motorcycle Auction House","https://duckduckgo.com/l/?uddg=https%3A%2F%2Fwww.iconicauctioneers.com%2F%3Flang%3Den&rut=78eedf00d4d4dd6a8f8fc67d1c62bf19c78b65281c5f5e361511dd96210f8ce5","Iconic Auctioneers, the UK's Most Popular Auction House for Classic Cars, Motorcycles and Automobilia. Bid online or attend a live auction."
"classic car auction house US broker",duckduckgo,"Classic Cars Auctions / Classifieds | Hagerty Marketplace","https://duckduckgo.com/l/?uddg=https%3A%2F%2Fwww.hagerty.com%2Fmarketplace&rut=db1902cd13d2b8115437f783cc57ef912126c275f373e4215a1fbdbe22ef4077","Search all classic and collector cars for sale on Hagerty Marketplace. See auctions near you and the best car classifieds today!"
"classic car auction house US broker",duckduckgo,"Auction Central - ClassicCars.com","https://duckduckgo.com/l/?uddg=https%3A%2F%2Fclassiccars.com%2Fauction%2F&rut=de493de82e434b902993bdefbdee0fe655fbe61285c267f7eed2781d1fc50c71","ClassicCars.com Auction Central is the premier resource for upcoming classic car auctions. Whether you plan on bidding or simply want to be a spectator, here is where you will find auctions all across the nation."
"classic car auction house US broker",duckduckgo,"Buy Classic Cars: The Gold List of Dealers and Brokers","https://duckduckgo.com/l/?uddg=http%3A%2F%2Fwww.buyclassiccars.com%2Fgoldlist.asp&rut=a1a230c61024dbe5bda19288a43a3de65f7c15e4b8e0188c45b8f07ec8c9a619","Americas most prolific Dealers, Collectors and Brokers of Classic and Exotic cars These Classic Car Dealers, Collectors and Brokers were asked to specify which makes they generally look to keep in stock. Most specialize in either 'Sports', 'Exotic', 'Luxury' or 'Muscle' cars. A few carry everything. You can search to find cars any of five ways! By the Dealers name, by selecting a suitable ..."
"classic car auction house US broker",duckduckgo,"Classic Car Auctions | Gooding Christie's","https://duckduckgo.com/l/?uddg=https%3A%2F%2Fwww.goodingco.com%2F&rut=3cf661d9fcf32fa6bccf52769fe8768c27e3f8679a01c5e80bda510b258efd85","Gooding Christie's is recognized around the world as a leading automotive auction house specializing in the finest antique, classic, sports and racing cars."
"supercar dealer USA broker hypercar",bing,"如何评价日本乐队SUPERCAR（スーパーカー）？ - 知乎","https://www.bing.com/ck/a?!&&p=69e6c584e107eb167d99b12b057c4845485f8ee52c1b9c868cfbd05db342b2a8JmltdHM9MTc3NTk1MjAwMA&ptn=3&ver=2&hsh=4&fclid=0a02771c-26d5-692d-255b-60252728682a&u=a1aHR0cHM6Ly93d3cuemhpaHUuY29tL3F1ZXN0aW9uLzI2OTc4MzM0P3NvcnQ9Y3JlYXRlZA&ntb=1","那时可是21世纪初，Supercar的转型时间几乎与Radiohead同步，这大概是乐队被冠以“霓虹Radiohead”之名原因。 不过我不同意这个标签，两支乐队转型前后风格都相差极大，唯一相似点是 …"
"supercar dealer USA broker hypercar",bing,"「Supercar」（超级跑车）一词从何而来？怎样的车可以称之为「超级 …","https://www.bing.com/ck/a?!&&p=f32805fb15d370079a8e93e3720e380131455105049e57c8f03b7a179cf3d7c4JmltdHM9MTc3NTk1MjAwMA&ptn=3&ver=2&hsh=4&fclid=0a02771c-26d5-692d-255b-60252728682a&u=a1aHR0cHM6Ly93d3cuemhpaHUuY29tL3F1ZXN0aW9uLzI0MzM3MzM1&ntb=1","引自百科 尽管 英国 的汽车杂志《Car》在1960 年代中期使得“supercar”（超级跑车）这个术语正式进入了现代汽车辞典，但他们不是最早使用这个词的。 《Car》的编辑当初用这个术语来形容名噪一时的 …"
"supercar dealer USA broker hypercar",bing,"Recent supercar crashes in India: Time to introduce a ... - Team-BHP","https://www.bing.com/ck/a?!&&p=5741831e7dc92542bee280ddb2fc5162b246ab84bc20db385b7678c1a00b7f1fJmltdHM9MTc3NTk1MjAwMA&ptn=3&ver=2&hsh=4&fclid=0a02771c-26d5-692d-255b-60252728682a&u=a1aHR0cHM6Ly93d3cudGVhbS1iaHAuY29tL2ZvcnVtL3N1cGVyLWNhcnMtaW1wb3J0cy1pbmRpYS8zMDU4MDMtcmVjZW50LXN1cGVyY2FyLWNyYXNoZXMtaW5kaWEtdGltZS1pbnRyb2R1Y2Utc3BlY2lhbC1saWNlbnNlLWRyaXZlLXRoZW0taW5kaWEtMi5odG1s&ntb=1","Recent supercar crashes in India: Time to introduce a special license to drive them in India?"
"supercar dealer USA broker hypercar",bing,"Hyundai to debut 765 BHP RWD hydrogen supercar in 2026","https://www.bing.com/ck/a?!&&p=701359fd6b577954e759ad99a103d83a99c8811740cb863c0bdb6d6d2e4e864fJmltdHM9MTc3NTk1MjAwMA&ptn=3&ver=2&hsh=4&fclid=0a02771c-26d5-692d-255b-60252728682a&u=a1aHR0cHM6Ly93d3cudGVhbS1iaHAuY29tL25ld3MvaHl1bmRhaS1kZWJ1dC03NjUtYmhwLXJ3ZC1oeWRyb2dlbi1zdXBlcmNhci0yMDI2&ntb=1","24 May 2024 · The supercar takes inspiration from the brand's very first car - the 1974 Pony Coupe. The exact specifications of the upcoming hydrogen supercar are yet to be revealed. However, reports …"
"supercar dealer USA broker hypercar",bing,"Supercar door types: Scissor vs Gullwing vs Butterfly vs others","https://www.bing.com/ck/a?!&&p=73951869631efdd84ba71e1f8da9abb55385b191e7013094ad6dca1e9917a413JmltdHM9MTc3NTk1MjAwMA&ptn=3&ver=2&hsh=4&fclid=0a02771c-26d5-692d-255b-60252728682a&u=a1aHR0cHM6Ly93d3cudGVhbS1iaHAuY29tL25ld3Mvc3VwZXJjYXItZG9vci10eXBlcy1zY2lzc29yLXZzLWd1bGx3aW5nLXZzLWJ1dHRlcmZseS12cy1vdGhlcnM&ntb=1","24 Feb 2026 · So which is your favourite supercar door design? Here's what BHPian It's Magic replied: Voted for Others (Normal Doors) All these suggested car doors, such as scissor, gullwing, butterfly …"
"supercar dealer USA broker hypercar",bing,"Toyota developing new MR2, Celica & Lexus supercar","https://www.bing.com/ck/a?!&&p=7b7fc2e2eedc7db6026d0e0d3955f0647d68d851e6b99b767be5f182c458dfc1JmltdHM9MTc3NTk1MjAwMA&ptn=3&ver=2&hsh=4&fclid=0a02771c-26d5-692d-255b-60252728682a&u=a1aHR0cHM6Ly93d3cudGVhbS1iaHAuY29tL25ld3MvdG95b3RhLWRldmVsb3BpbmctbmV3LW1yMi1jZWxpY2EtbGV4dXMtc3VwZXJjYXI&ntb=1","26 Feb 2025 · Toyota is all set to launch a big assault in the sports car market by reviving the iconic MR2 and Celica nameplates. These names send a tingle down the spine of every car enthusiast, …"
"supercar dealer USA broker hypercar",bing,"Supercar door types: Scissor vs Gullwing vs Butterfly vs Dihedral vs ...","https://www.bing.com/ck/a?!&&p=2e1d99e6796f9ef771ed6a312b7b594d7b33ab0e7609e6423ee2f879371d8562JmltdHM9MTc3NTk1MjAwMA&ptn=3&ver=2&hsh=4&fclid=0a02771c-26d5-692d-255b-60252728682a&u=a1aHR0cHM6Ly93d3cudGVhbS1iaHAuY29tL2ZvcnVtL3N1cGVyLWNhcnMtaW1wb3J0cy1pbmRpYS8zMDU2NDgtc3VwZXJjYXItZG9vci10eXBlcy1zY2lzc29yLXZzLWd1bGx3aW5nLXZzLWJ1dHRlcmZseS12cy1kaWhlZHJhbC12cy1yZWd1bGFyLmh0bWw&ntb=1","23 Feb 2026 · Since childhood, one thing that awed me about supercars was their door design. While several sports and supercars have conventional doors, there are supercars that have very unique …"
"supercar dealer USA broker hypercar",bing,"'68 Camaro on Yenko VIN list - The Supercar Registry","https://www.bing.com/ck/a?!&&p=1c745313a41a9b106a32def4f6b1cc3cf78ce7eb4936eafbaf9f0f3e192328a5JmltdHM9MTc3NTk1MjAwMA&ptn=3&ver=2&hsh=4&fclid=0a02771c-26d5-692d-255b-60252728682a&u=a1aHR0cHM6Ly93d3cueWVua28ubmV0L2ZvcnVtL3Nob3d0aHJlYWQucGhwP3Q9MTgxNjI1&ntb=1","8 Mar 2011 · The Supercar Registry > General Discussion > Supercar/Musclecar Discussion '68 Camaro on Yenko VIN list ... Thread Tools Display Modes ... The Following 7 Users Say Thank You to …"
"supercar dealer USA broker hypercar",bing,"Fast and Fabulous: The Supercar Catwalk held in Mumbai","https://www.bing.com/ck/a?!&&p=d88fc574b76cdd8092c74c8a1243ba2aefe52c24e5e34040f2d1477c15f7a15dJmltdHM9MTc3NTk1MjAwMA&ptn=3&ver=2&hsh=4&fclid=0a02771c-26d5-692d-255b-60252728682a&u=a1aHR0cHM6Ly93d3cudGVhbS1iaHAuY29tL25ld3MvZmFzdC1hbmQtZmFidWxvdXMtc3VwZXJjYXItY2F0d2Fsay1oZWxkLW11bWJhaQ&ntb=1","7 Aug 2025 · Automotive enthusiasts were treated to a unique supercar show designed on the lines of a fashion catwalk in Mumbai recently. The inaugural edition of 'Fast and Fabulous: The Supercar …"
"supercar dealer USA broker hypercar",bing,"Supercar & Import Crashes in India - Page 156 - Team-BHP","https://www.bing.com/ck/a?!&&p=5b5a3fbc33fb5031270a31bc878391b32787773d3c9d9d6d219e3a2e598b8e28JmltdHM9MTc3NTk1MjAwMA&ptn=3&ver=2&hsh=4&fclid=0a02771c-26d5-692d-255b-60252728682a&u=a1aHR0cHM6Ly93d3cudGVhbS1iaHAuY29tL2ZvcnVtL3N1cGVyLWNhcnMtaW1wb3J0cy1pbmRpYS81MTIxMC1zdXBlcmNhci1pbXBvcnQtY3Jhc2hlcy1pbmRpYS0xNTYuaHRtbA&ntb=1","11 Mar 2026 · Team-BHP > Super-Cars & Imports in India Supercar & Import Crashes in India ... ArjunPadmakumar, FlankerFury, iliketurtles, Roy.S, suhaas307, Thad E Ginathom ... The following …"
"ultra luxury travel designer Singapore",duckduckgo,"Luxury Singapore Holidays - Singapore Holiday Packages","https://duckduckgo.com/l/?uddg=https%3A%2F%2Fduckduckgo.com%2Fy.js%3Fad_domain%3Dtravelbag.co.uk%26ad_provider%3Dbingv7aa%26ad_type%3Dtxad%26click_metadata%3DjS7y_CGZKGb5C1Sw0Uk3KSB4oCiFS2H86zkFUCPE95YCwsTMaaXJV5fobB6AtUJbmigw_ZvJoZC%252DvxeRuuV4UXqLZTFiLB_lMEfgXVHKoAxC53OEe9_2benHvgMcAnd6bVAEM3QfRuwAu72szCYbrrDrRyULxbC6LWNrPWUOtrg.Iv7yxRIYJn%252D%252DtXMMZjiBoQ%26rut%3D137781e0516200e4edcb099ffffaddf84d52d83007ca50d9d4b0496463c00310%26u3%3Dhttps%253A%252F%252Fwww.bing.com%252Faclick%253Fld%253De8VRl5PwPqB7um6F4oZ3gsfDVUCUxKMRFDQ25U0rqjFrfV0dA2lrtTfkEkc4QPsXXP6McDaPEx_g77otNlFU1ytZFOwbrydIrixMW86lSLUuyqK73asNgfJNGTuCkIQHiYBqUmkRV2%252Dl8kpTme0UoCxO6ZwDHqkzAT5B44TIC7ukkamgNucvE0gK1TVD4MhOfVRXHGMgo_LCclbdLaTWIKvDo4VOM%2526u%253DaHR0cHMlM2ElMmYlMmZhZC5kb3VibGVjbGljay5uZXQlMmZzZWFyY2hhZHMlMmZsaW5rJTJmY2xpY2slM2ZsaWQlM2Q1ODcwMDAwODg0MjgyNTE1MCUyNmRzX2FfY2lkJTNkNjg4MTE3MTAyOCUyNmRzX2FfY2FpZCUzZDIyMTczNTU3MjYyJTI2JTI2ZHNfZV9hZGlkJTNkNzE1MzcyMzY4ODE0MzAlMjZkc19lX3RhcmdldF9pZCUzZGt3ZC0yMzIzMzM2Nzg5MzY0OTI2JTNhbG9jLTQwNzYlMjYlMjZkc19lX25ldHdvcmslM2RzJTI2ZHNfdXJsX3YlM2QyJTI2ZHNfZGVzdF91cmwlM2RodHRwcyUzYSUyZiUyZnd3dy50cmF2ZWxiYWcuY28udWslMmZob2xpZGF5cyUyZmFzaWElMmZzaW5nYXBvcmUlMmZsdXh1cnklM2ZnY2xpZCUzZDQyZGRmYTI3OWQwMTE4ZDZlOTNmOTNmY2VhMzEyNTU3JTI2Z2Nsc3JjJTNkM3AuZHMlMjYlMjZtc2Nsa2lkJTNkNDJkZGZhMjc5ZDAxMThkNmU5M2Y5M2ZjZWEzMTI1NTclMjZ1dG1fc291cmNlJTNkYmluZyUyNnV0bV9tZWRpdW0lM2RjcGMlMjZ1dG1fY2FtcGFpZ24lM2RUQl9QZXJmb3JtYW5jZSUyNTIwTWF4JTI2dXRtX3Rlcm0lM2R3d3cudHJhdmVsYmFnLmNvLnVrJTI2dXRtX2NvbnRlbnQlM2RQTUFY%2526rlid%253D42ddfa279d0118d6e93f93fcea312557%26vqd%3D4%2D249917667849845435742788236892831616079%26iurl%3D%257B1%257DIG%253D02D5E10C447A4C72B8BF4B33F526022E%2526CID%253D14E0AFE7F94765B930D5B8DEF8496418%2526ID%253DDevEx%252C5046.1&rut=22e426aa50738410e2e199e25d3c013e4eac368e0daff032278c2f5b326e38a6","Speak To A Travel Specialist, Book Online, Or Request A Quote To Book A Holiday Today. 40 years of making travel simple. ATOL protected so you are covered. Book with confidence"
"ultra luxury travel designer Singapore",duckduckgo,"Flights to Singapore - Find last-minute flights","https://duckduckgo.com/l/?uddg=https%3A%2F%2Fduckduckgo.com%2Fy.js%3Fad_domain%3Dfinnair.com%26ad_provider%3Dbingv7aa%26ad_type%3Dtxad%26click_metadata%3DfMOFpjBob1eGOkyqQhNzs%252D386DbRnxj31iByYuI2bREn8hcloFshaFUP1Fd9qaZySQFnvUgZbGVhR2oGPz64AyhbC8B5cEEV1I1PQkM9rE2dmUQ0v9LmnelMPLQXEM3X8ISE15GSR4O0VwvoyaKf2QtDoyWkQeljlKKsu6EbHIM.2x6EIvZVo8vLX8NJSxYW5w%26rut%3Dd5c0b4e91e7530402a708ad2f547c4d30343f8b84cf424437180d2da6e67c94e%26u3%3Dhttps%253A%252F%252Fwww.bing.com%252Faclick%253Fld%253De8DQywCJXydQEnmkVePHlC4TVUCUxvPWMLA5iao4l_Eumu5Mg4%252DgF%252DIYf%252DpmmyQDqUoDwQ7NxOEgNj9wIMxunjWfftpINqtqBv6YEglArIQPD4Qs%252DySeFf9_4RgJp_uzd_RAOJYkRosc%252D%252DbA8DNe13qaPYy%252D3AVhzw6AwntWW2vHZQq6MejFPQaJFdRRM7_Kt___qZgJojxjKs4VNol3f7yUPkiWw%2526u%253DaHR0cHMlM2ElMmYlMmZhZC5kb3VibGVjbGljay5uZXQlMmZzZWFyY2hhZHMlMmZsaW5rJTJmY2xpY2slM2ZsaWQlM2Q0MzcwMDA4MDEwOTY4NTQ2MiUyNmRzX3Nfa3dnaWQlM2Q1ODcwMDAwODcxNTczMjI3NSUyNmRzX2FfY2lkJTNkMTQxMDA4Mjk5OCUyNmRzX2FfY2FpZCUzZDIxMjc0MjUwMzk5JTI2ZHNfYV9hZ2lkJTNkMTYxNjgwNTM0MzA2JTI2ZHNfYV9saWQlM2Rrd2QtMjM0ODYwMzElMjYlMjZkc19lX2FkaWQlM2Q4MjM5NTA1NDU5MTE3NSUyNmRzX2VfdGFyZ2V0X2lkJTNka3dkLTgyMzk1ODczMDI3OTI4JTI2JTI2ZHNfZV9uZXR3b3JrJTNkcyUyNmRzX3VybF92JTNkMiUyNmRzX2Rlc3RfdXJsJTNkaHR0cHMlM2ElMmYlMmZ3d3cuZmlubmFpci5jb20lMmZnYi1lbiUyZmRlc3RpbmF0aW9ucyUyZmFzaWEtcGFjaWZpYyUyZnNpbmdhcG9yZSUyZnNpbmdhcG9yZSUzZmdjbGlkJTNkNGMyNWFkMGYwYWNkMTliYmMxNGFjNGQ0N2RmZGMzMjIlMjZnY2xzcmMlM2QzcC5kcyUyNiUyNm1zY2xraWQlM2Q0YzI1YWQwZjBhY2QxOWJiYzE0YWM0ZDQ3ZGZkYzMyMiUyNnV0bV9zb3VyY2UlM2RiaW5nJTI2dXRtX21lZGl1bSUzZGNwYyUyNnV0bV9jYW1wYWlnbiUzZGdiX2Jvb2tfYWx3YXlzLW9uX2Fsd2F5cy1vbl9nYi1zZy1zaW5fZW4lMjZ1dG1fdGVybSUzZGZsaWdodHMlMjUyMHRvJTI1MjBzaW5nYXBvcmUlMjZ1dG1fY29udGVudCUzZExIUi1TSU4%2526rlid%253D4c25ad0f0acd19bbc14ac4d47dfdc322%26vqd%3D4%2D94088319882235638031788014477586523007%26iurl%3D%257B1%257DIG%253D02D5E10C447A4C72B8BF4B33F526022E%2526CID%253D14E0AFE7F94765B930D5B8DEF8496418%2526ID%253DDevEx%252C5050.1&rut=b6dc046864eb4efc16b24391f98cc06c3f9f7952430f28c706a180c8529dbe96","Travel to Singapore and book your tickets already today! Discover your next destination in Asia, North America, Europe and beyond."
"ultra luxury travel designer Singapore",duckduckgo,"Luxury Travel Designer Singapore","https://duckduckgo.com/l/?uddg=https%3A%2F%2Fepictraveldesigner.com.sg%2F&rut=d65e50b614eebdfb740d686f704915eeb04e7460132e2396eca654e3670c5d4c","A Singapore luxury travel designer crafting bespoke journeys with seamless planning and expert insight. For clients who value refined, well-executed travel."
"ultra luxury travel designer Singapore",duckduckgo,"Luxury Travel Agency in Singapore | Beyond Footprints Travel SG","https://duckduckgo.com/l/?uddg=https%3A%2F%2Fwww.beyond%2Dfootprints.com%2F&rut=e47cce5b5b9b92b1ee507084bc7d1fefc5b9a6f7c2b7b0db54a8f8fd5d2e5747","Experience tailored luxury tours in Singapore with 100% personalized itineraries and expert tips from travel experts. Plan your trip!"
"ultra luxury travel designer Singapore",duckduckgo,"The Crème de la Crème: Top 5 Luxury Travel Agencies in Singapore","https://duckduckgo.com/l/?uddg=https%3A%2F%2Fbusinessguide.com.my%2Ftop%2D5%2Dluxury%2Dtravel%2Dagencies%2Din%2Dsingapore%2F&rut=51ff06c4031bd1e2ca83949c9aae0fd8661f181c9c35c3dfefe9e159be29a1da","Experience elevated travel with Singapore's Top 5 Luxury Travel Agencies. Immerse yourself in opulence as you explore meticulously curated itineraries and exclusive accommodations, crafting an unforgettable and personalized escape. Let these expert travel agencies redefine your holiday with bespoke experiences, delivering the pinnacle of luxury and sophistication."
"ultra luxury travel designer Singapore",duckduckgo,"Singapore Luxury & Bespoke Vacations | Tully Luxury Travel","https://duckduckgo.com/l/?uddg=https%3A%2F%2Fwww.tullyluxurytravel.com%2Fsingapore%2F&rut=082cb7d36226b26f5bbc17832169f8ae77821d89c03c3d638dfc54fa739a590c","Discover Singapore Luxury Travel with private tours and insider access. Our Private Travel Designers create personalized itineraries."
"ultra luxury travel designer Singapore",duckduckgo,"Luxury Travel Agent Singapore: Inside the World of High-Touch Service ...","https://duckduckgo.com/l/?uddg=https%3A%2F%2Fauraworld.com.sg%2Fluxury%2Dtravel%2Dagent%2Dsingapore%2Dinside%2Dthe%2Dworld%2Dof%2Dhigh%2Dtouch%2Dservice%2Dand%2Dexceptional%2Dcare%2F&rut=90e17cebd535bad85e6ca115f75b991aef5b5d718b40f45ea0f8567a03bbbf45","Discover how a luxury travel agent Singapore elevates journeys through personalised service, curated planning, and high-touch expertise."
"ultra luxury travel designer Singapore",duckduckgo,"Luxury Travel Singapore - Travel Planner | Quotient Travel","https://duckduckgo.com/l/?uddg=https%3A%2F%2Fquotienttravel.com%2F&rut=613bcac949170435528c1c7f8da2a11b3256948ffae3e94a3e27ee6eff81fc6f","Live grand, play grand. Take your luxury travel out of Singapore up a notch with a customised trip planner obsessed with epic holiday experiences."
"ultra luxury travel designer Singapore",duckduckgo,"Tours and Travel Agency Singapore | Luxury Tours Agency","https://duckduckgo.com/l/?uddg=https%3A%2F%2Fwww.intriqjourney.com%2F&rut=915748e10e6c9133afd280e3a260630f4dfd0f4bb17fc4a8eb33316b55b744c1","Experience luxury tours with Intriq Journey, the best travel agency in Singapore. Enjoy personalised itineraries & adventures with our tour company today!"
"ultra luxury travel designer Singapore",duckduckgo,"Aura World Wins Best Luxury Travel Specialist in Singapore | Bespoke ...","https://duckduckgo.com/l/?uddg=https%3A%2F%2Fluxurylifestyleawards.com%2Fnews%2Faura%2Dworld%2Dbest%2Dluxury%2Dtravel%2Dspecialist%2Dsingapore%2D2025&rut=041ed3b42be2769b55be04e69890256f9b0c4bb5811ee3aaaee3140e5251b702","Aura World wins Best Luxury Travel Specialist in Singapore 2025 for redefining ultra-bespoke journeys for elite global travelers."
"ultra luxury travel designer Singapore",duckduckgo,"Singapore Luxury Travel | Luxe and Intrepid Asia | Remote Lands","https://duckduckgo.com/l/?uddg=https%3A%2F%2Fwww.remotelands.com%2Fcountry%2Fsingapore&rut=4818a923439fca8d2a2987de38ca03792f18fca46143633af67d4a909f3244eb","Let Remote Lands, the world's foremost luxury Asia travel designer, guide you to the shopping, dining, attractions and exclusive hotels & resorts of Singapore"
"ultra luxury travel designer Singapore",duckduckgo,"Bespoke travel agencies: Get customised luxury ... - Robb Report Singapore","https://duckduckgo.com/l/?uddg=https%3A%2F%2Frobbreport.com.sg%2Fbespoke%2Dtravel%2Dagencies%2Dget%2Dcustomised%2Dluxury%2Dholiday%2Dexperiences%2Dvacation%2Dwith%2Dthese%2Dspecialists%2Dfrom%2Dsingapore%2Dand%2Dbeyond%2F&rut=351dc3dc13b2f2dbf6d542206978a9f3f71458d021b84247631486d6108cb9db","With a Singapore office, Antipodean Luxury Travel has done away with the impersonal email-reliant approach so typical of bespoke trip-planning, and every client can expect to enjoy face-to-face consultations with the team."
"bespoke travel company UAE Dubai",bing,"惊人壮举！奥克兰“神人”游泳横渡新西兰！全程1350公里！下周抵达N…","https://www.bing.com/ck/a?!&&p=fa6a8af5834b6d49de8d7c1456ea00ea84f5d6483eb96daac5db6f5b37853eaeJmltdHM9MTc3NTk1MjAwMA&ptn=3&ver=2&hsh=4&fclid=02dfa702-57dc-69fc-007c-b03b56806889&u=a1aHR0cHM6Ly93d3cueWVleWkuY29tL25ld3MvZGV0YWlscy8zMDMwNDc3Lw&ntb=1","27 Mar 2026 · 惊人壮举！奥克兰“神人”游泳横渡新西兰！全程1350公里！下周抵达NZ最南端！全程有人记录……如果从新西兰最北端游游到"
"bespoke travel company UAE Dubai",bing,"重磅！油价要降了！澳总理官宣：燃油税减半！全澳启动燃油安全计划…","https://www.bing.com/ck/a?!&&p=c0aad8b2d8a03bef35018573adb39a4e1f54f082cefbdefea907c27d7271b10cJmltdHM9MTc3NTk1MjAwMA&ptn=3&ver=2&hsh=4&fclid=02dfa702-57dc-69fc-007c-b03b56806889&u=a1aHR0cHM6Ly93d3cueWVleWkuY29tL25ld3MvZGV0YWlscy8zMDMyNTE0Lw&ntb=1","29 Mar 2026 · 为应对持续发酵的燃油危机，澳大利亚联邦政府宣布推出一揽子燃油应对措施。 澳大利亚总理Anthony Albanese表示 ..."
"bespoke travel company UAE Dubai",bing,"澳洲储行：我们确实失误了-yeeyi","https://www.bing.com/ck/a?!&&p=58cadfa840285c57a6947a0bdd724672ea2982325776f4e4f1cefce93081fbd5JmltdHM9MTc3NTk1MjAwMA&ptn=3&ver=2&hsh=4&fclid=02dfa702-57dc-69fc-007c-b03b56806889&u=a1aHR0cHM6Ly93d3cueWVleWkuY29tL25ld3MvZGV0YWlscy8zMDMxMDk4Lw&ntb=1","28 Mar 2026 · 澳洲储备银行副行长Christopher Kent承认，之前降息降早了。 ""去年下半年，政策效果偏离了目标 ..."
"bespoke travel company UAE Dubai",bing,"臭不可闻！墨尔本City这个地标车站，彻底烂了...-yeeyi","https://www.bing.com/ck/a?!&&p=505af27cba6b9ce1d34e7c2e2e2241e583721131eaa5fffd0f6c3bde977cd668JmltdHM9MTc3NTk1MjAwMA&ptn=3&ver=2&hsh=4&fclid=02dfa702-57dc-69fc-007c-b03b56806889&u=a1aHR0cHM6Ly93d3cueWVleWkuY29tL25ld3MvZGV0YWlscy8zMDMwNjU3Lw&ntb=1","闻过了飙升的油价让许多墨尔本都开始达成公共交通，但与此同时，墨尔本许多车站的状况却着实让人不敢恭维。尤其是City ..."
"bespoke travel company UAE Dubai",bing,"伊朗总统喊：再不停火 伊朗经济恐21天内彻底崩盘-yeeyi","https://www.bing.com/ck/a?!&&p=c0f2f7490eed937f46d06df37f822157a59c87f62fe0ccec1f05956b46dc60d8JmltdHM9MTc3NTk1MjAwMA&ptn=3&ver=2&hsh=4&fclid=02dfa702-57dc-69fc-007c-b03b56806889&u=a1aHR0cHM6Ly93d3cueWVleWkuY29tL25ld3MvZGV0YWlscy8zMDMxODk4Lw&ntb=1","30 Mar 2026 · 伊朗总统Masoud Pezeshkian。（图／美联社） 伊朗政权内部疑似出现分裂，伊朗总统裴泽斯基安（Masoud Pezeshkian ..."
"bespoke travel company UAE Dubai",bing,"创纪录连跌，情况完全不乐观-yeeyi","https://www.bing.com/ck/a?!&&p=6001cb96217eab2de7f0ee3aac2662af4862ee336147130bc0df7efa718a63cdJmltdHM9MTc3NTk1MjAwMA&ptn=3&ver=2&hsh=4&fclid=02dfa702-57dc-69fc-007c-b03b56806889&u=a1aHR0cHM6Ly93d3cueWVleWkuY29tL25ld3MvZGV0YWlscy8zMDMwNzk2Lw&ntb=1","28 Mar 2026 · 【1】截至今天，这场波及全球多国的军事冲突已持续整整一月，已明显超出美以“速战速决”的战略预判 ..."
"bespoke travel company UAE Dubai",bing,"刚刚，维州政府宣布：全部免费-yeeyi","https://www.bing.com/ck/a?!&&p=540e36acbbbeee015083a102c46e9572b06d6451fc2030c208133dd8604776efJmltdHM9MTc3NTk1MjAwMA&ptn=3&ver=2&hsh=4&fclid=02dfa702-57dc-69fc-007c-b03b56806889&u=a1aHR0cHM6Ly93d3cueWVleWkuY29tL25ld3MvZGV0YWlscy8zMDMxMzk1Lw&ntb=1","28 Mar 2026 · 油价一路狂飙，眼看就要破3了，加油站还一家接一家地没油。面对这种局面，维州政府直接放了个大招，下个月，全州的火车 ..."
"bespoke travel company UAE Dubai",bing,"驱逐令刚下达4天，这栋楼就烧了！纽约华人区大火被定性“他杀”，4人 …","https://www.bing.com/ck/a?!&&p=6994728d634e11ef04ce4056a06b8a36c5ef74b59cc26c6f01b33977ae9aac98JmltdHM9MTc3NTk1MjAwMA&ptn=3&ver=2&hsh=4&fclid=02dfa702-57dc-69fc-007c-b03b56806889&u=a1aHR0cHM6Ly93d3cueWVleWkuY29tL25ld3MvZGV0YWlscy8zMDMxOTk4Lw&ntb=1","29 Mar 2026 · 据ABC新闻报道，发生在纽约市皇后区法拉盛大学点路的一场致命火灾，已被首席法医办公室正式裁定为“谋杀”。相关阅读 ..."
"bespoke travel company UAE Dubai",bing,"澳洲燃油告急！总理Albanese紧急喊停：禁止囤油！-yeeyi","https://www.bing.com/ck/a?!&&p=27f326ae2c18c42408555b92d9cc078a38df324f9f379eb090f9653335112b7dJmltdHM9MTc3NTk1MjAwMA&ptn=3&ver=2&hsh=4&fclid=02dfa702-57dc-69fc-007c-b03b56806889&u=a1aHR0cHM6Ly93d3cueWVleWkuY29tL25ld3MvZGV0YWlscy8zMDMxMzg5Lw&ntb=1","28 Mar 2026 · 澳大利亚各州和领地领导人今日召开紧急会议，协调应对全国燃油短缺危机。总理Anthony Albanese明确表示 ..."
"bespoke travel company UAE Dubai",bing,"普京的春天-yeeyi","https://www.bing.com/ck/a?!&&p=a2d8a4c3f3480f3d19e0816c1e3994010c78eef3959b551a55494183199865e4JmltdHM9MTc3NTk1MjAwMA&ptn=3&ver=2&hsh=4&fclid=02dfa702-57dc-69fc-007c-b03b56806889&u=a1aHR0cHM6Ly93d3cueWVleWkuY29tL25ld3MvZGV0YWlscy8zMDMxMzkzLw&ntb=1","28 Mar 2026 · 壹2025 年 12 月 19 日，这一天是普京的大日子，是一年一度的总统记者会和民众直播连线。原本这是两场单独的活动 ..."
"luxury expedition travel company",duckduckgo,"Inspiring Travel Company - Tailor-Made Luxury Holidays","https://duckduckgo.com/l/?uddg=https%3A%2F%2Fduckduckgo.com%2Fy.js%3Fad_domain%3Dinspiringtravelcompany.co.uk%26ad_provider%3Dbingv7aa%26ad_type%3Dtxad%26click_metadata%3DbTqlAIO2T5Ny7UUqCtXzt3jE3Hz%252DuU5rnb6IBhWZvBDNc7Ssgjb%252DtvrXwNfArV2kglUaPTVzFq_okiY0SUpWE6kK0oiawrrY2z7CAhhT%252DMoqHku8saBwOuWNS7eHQjWbXZP5xI3aFHq%252D7Tn7_vnw3iB8odPWjVP6X_8L2n0DfMU.joEdjoNZtib5bZjLSBF16w%26rut%3D668b70f096900f68b83ebec86362edfbe9d27b8b871479a5e050617c80ad145f%26u3%3Dhttps%253A%252F%252Fwww.bing.com%252Faclick%253Fld%253De8RmrEF18K_2Aitmt1Pgh_kzVUCUxOByRge3KI19lzFae9og_1WQEsl1UhiJ5PLHvoL4KLJjfvnziXaqg%252DSzZ_l7%252DNgR5QTgah0s%252DeElbzxAATFi_UPOO3oQ7QgmhA3dpD5EHFyr8%252D48fMDYh_bzYk26QPvWwr_eLD2AoLjQF6fCrsq24KW2HGLI0C%252DFZaGq03dg6_jjf8poiL4JS4oeMrJhNRUW4%2526u%253DaHR0cHMlM2ElMmYlMmZ3d3cuaW5zcGlyaW5ndHJhdmVsY29tcGFueS5jby51ayUyZiUzZmNhbXBhaWduJTNkMjYxNTc4ODI2JTI2aW5maW5pdHklM2RpY3QyJTdlbmV0JTdlbWFjJTdlYXIlN2U3MTE5MzQ3ODQzMjE0OCU3ZWtyJTdlNzExOTM4MTI2NzU0MjAlN2VrdyU3ZSUyNTJCSVRDJTI1MjAlMjUyQkx1eHVyeSUyNTIwJTI1MkJUcmF2ZWwlN2VtdCU3ZWIlN2VjbXAlN2UlMjU3QmNhbXBhaWduJTI1N0QlN2VhZyU3ZSUyNTdCYWRncm91cCUyNTdEJTI2bXNjbGtpZCUzZGEyMzVjOGQyNGUxMDFmM2YwYTBmYTEwOTM5NGY5Mjg5JTI2dXRtX3NvdXJjZSUzZGJpbmclMjZ1dG1fbWVkaXVtJTNkY3BjJTI2dXRtX2NhbXBhaWduJTNkQlJBTkQlMjZ1dG1fdGVybSUzZCUyNTJCSVRDJTI1MjAlMjUyQkx1eHVyeSUyNTIwJTI1MkJUcmF2ZWwlMjZ1dG1fY29udGVudCUzZElUQyUyNTIwTHV4dXJ5JTI1MjBUcmF2ZWwlMjUyMC0lMjUyMEJNTQ%2526rlid%253Da235c8d24e101f3f0a0fa109394f9289%26vqd%3D4%2D86190551844198577712452080594510944479%26iurl%3D%257B1%257DIG%253D86F0F397767D49E6A39BF1BD4E2EFE7F%2526CID%253D1AD95E6F2DDB6EBB048449562CD56F77%2526ID%253DDevEx%252C5046.1&rut=d47dc752f5354f255b6e811f9c0197d58df90219e4187f316da3e81cf729f125","Luxury Holidays Created With First-Hand Expert Knowledge. Experts In The Extraordinary. 40+ Years Experience. Tailor-Made Tours & Holidays. Contact Our Travel Specialists Today"
"luxury expedition travel company",duckduckgo,"The Finest Luxury Cruises - Luxury Cruises","https://duckduckgo.com/l/?uddg=https%3A%2F%2Fduckduckgo.com%2Fy.js%3Fad_domain%3Dsovereigncruise.co.uk%26ad_provider%3Dbingv7aa%26ad_type%3Dtxad%26click_metadata%3D%252Ds089DCWRyREjvLTtigNWvZdahZzvfnMq69Wg12E44s8O0znuV51He4Q63mPjX6pGA0IKt29NpSNM8qfzs3a6fCJ%252DRRuKBrj4hJGU238Pn8_Cpp6KOfsdHD2iffkVv6uGzZpy4ZANc6RcF5lYJFAryJhZMYsnsdAf7WyKRpU7Hw.Z5wdgjY73WLkQe3cDoBWhg%26rut%3Da090452e2777e3d3d322cd86f569e96b80f62d0dac47457e3cfb8f3c9003d54f%26u3%3Dhttps%253A%252F%252Fwww.bing.com%252Faclick%253Fld%253De8tlZYQA8RIfn2_W%252DYxSlFBzVUCUxrPWR6H4OaHDzgQlVl02szKHy2Xs2Tg4PxvPysQl896dCx45y4mCjbC2ycxQzSXzohfr4thD2hXkFvpnPmMtUyTOMGKLsUhZroovQR5gvmVOGOTFh58Wm_0XD9iBAJx2bFELgJuDHxSh7pdJTImbGj8k8S4r1_zmxKuk0JGgac3jpnoXOj1_NPLHhmKCQRlE8%2526u%253DaHR0cHMlM2ElMmYlMmZ3d3cuc292ZXJlaWduY3J1aXNlLmNvLnVrJTJmJTNmbXNjbGtpZCUzZGIwZTgwNDEyNWYwNTFiZWYzYzhhNmRjOTI4NWExMWMxJTI2dXRtX3NvdXJjZSUzZGJpbmclMjZ1dG1fbWVkaXVtJTNkY3BjJTI2dXRtX2NhbXBhaWduJTNkQWNjb3JkX0Rpc3BsYXlfUGVyZm9ybWFuY2UlMjUyME1heCUyNTIwQ3Jvc3MtTmV0d29ya19HZW5lcmljJTI2dXRtX3Rlcm0lM2R3d3cuc292ZXJlaWduY3J1aXNlLmNvLnVrJTI2dXRtX2NvbnRlbnQlM2RMdXh1cnklMjUyMENydWlzZXM%2526rlid%253Db0e804125f051bef3c8a6dc9285a11c1%26vqd%3D4%2D152542649575412580460465357906452634849%26iurl%3D%257B1%257DIG%253D86F0F397767D49E6A39BF1BD4E2EFE7F%2526CID%253D1AD95E6F2DDB6EBB048449562CD56F77%2526ID%253DDevEx%252C5051.1&rut=9ec73066e722394bf5ee617997200f4672fc787929277202ce5e6dd8be9e5a6d","The finest service, renowned expertise, guaranteed best prices & ABTA/ATOL protection. Exclusive deals on Silversea, Seabourn, Regent Seven Seas, Crystal Cruises & more."
"luxury expedition travel company",duckduckgo,"Curated Expedition Cruises & Holidays | Exclusive Expedition","https://duckduckgo.com/l/?uddg=https%3A%2F%2Fwww.exclusiveexpeditions.co.uk%2F&rut=5b54570e32f14c895a1ba6d48ee224dc00c384a8e7ae72f23f84636eb7e3b052","Enjoy extraordinary adventures with Exclusive Expeditions, the UK's luxury holiday experts offering expedition cruises, immersive land tours, and more."
"luxury expedition travel company",duckduckgo,"Ultra Luxury Adventure Travel | Private Expedition Worldwide","https://duckduckgo.com/l/?uddg=https%3A%2F%2Fkensingtonexpeditions.com%2F&rut=d0c8619c27952f9e20eca7ee725dac0eb969359e1689a9886c17f6d4206e0bb0","Travel to the world's outer edges, where beauty remains untouched, access is rare, and adventure is deeply personal. As a leader in expeditionary travel, we design bespoke, ultra-luxury experiences and complex journeys shaped by decades of expertise and close collaboration with scientists, conservationists, and cultural stewards. This isn't just travel, it's an invitation to transform."
"luxury expedition travel company",duckduckgo,"Luxury Holidays | Luxury Travel & Tour Agents 2026/2027 | Scott Dunn UK","https://duckduckgo.com/l/?uddg=https%3A%2F%2Fwww.scottdunn.com%2F&rut=c7ba4dad7b09d5210381ec6d79e4c6f3814a539147c4eee4723639932689c356","Scott Dunn is an award-winning luxury travel tour operator that uses our travel specialist's first-hand knowledge to create luxury holidays all over the world."
"luxury expedition travel company",duckduckgo,"Luxury Guided Tours & Holiday Packages | Luxury Gold GB","https://duckduckgo.com/l/?uddg=https%3A%2F%2Fwww.luxurygold.com%2Fen%2Dgb&rut=bfe103f8f82618488759acf7412346f5be1c70485f4c86b1df19d71a96e9ed90","Experience the best in luxury holidays, travel, and tours with Luxury Gold UK. Indulge in exceptional journeys designed for ultimate comfort and sophistication."
"luxury expedition travel company",duckduckgo,"Luxury Travel Concierge | Bespoke & Experiential Travel | Wanderlux","https://duckduckgo.com/l/?uddg=https%3A%2F%2Fwanderlux.co.uk%2F&rut=5976bb1ae1f598b4bd861702761e7871b014ba27eb1d72320d74e67a90535e42","Wanderlux is a luxury travel concierge designing transformative, tailor-made journeys for clients who value discretion, access and exceptional detail. We specialise in bespoke travel planning and ongoing concierge support, curating experiences that feel effortless yet deeply personal. From private aviation and luxury accommodation to immersive safaris, honeymoons and specialist-led journeys ..."
"luxury expedition travel company",duckduckgo,"Travel | Xped Global | England","https://duckduckgo.com/l/?uddg=https%3A%2F%2Fwww.xpedglobal.com%2F&rut=dcb98d049242f24bd607fc62cfa53577dc5e7a0d3e992f3ea9f8069b58ae2dc7","Xpedglobal is a luxury expedition & adventure travel company based in the UK, operating in the world's wildest places. Click here to find out more."
"luxury expedition travel company",duckduckgo,"Explorations Company - Private Luxury Travel 2025 / 2026","https://duckduckgo.com/l/?uddg=https%3A%2F%2Fwww.explorationscompany.com%2F&rut=7da4eaeb5fd09af11d1b7c2a1c9418a69d51f0c34036f78b143c042695ffe283","Luxury private jet tour of India Explore India with Explorations Company's founder Nicola Shepherd on a sumptuous private jet journey filled with delights, surprises and special behind-the-scenes access."
"luxury expedition travel company",duckduckgo,"Luxury Travel Company | Holiday Luxury | England","https://duckduckgo.com/l/?uddg=https%3A%2F%2Fwww.holidayluxury.com%2F&rut=94f630d8ace459aee82e04093ba4413d10c906ce2eeacd88d263786860bf77ba","Choose your must-see luxury vacation spot for the world's most luxurious travel tour Company. Book now! From honeymoons on private islands to tailor-made cultural holidays. Experience an ultra-luxurious five-star vacation. From private islands to exclusive homes, we offer unforgettable vacations around the world. Find out more here."
"luxury expedition travel company",duckduckgo,"Luxury Wildlife Holidays & Expedition Cruises | Wildfoot Travel","https://duckduckgo.com/l/?uddg=https%3A%2F%2Fwww.wildfoottravel.com%2F&rut=ebbea334fc721b9e8ef0476803f257c5eca2bc33c064962d25e6711cd1019c1d","Wildlife Cruises and Expeditions to Antarctica, The Arctic and Other Wildlife Destinations Around The World Where would you like to go?"
"luxury expedition travel company",duckduckgo,"Luxury Travel | Solace Expeditions - Bespoke Journeys Tailored to You","https://duckduckgo.com/l/?uddg=https%3A%2F%2Fwww.solaceexpeditions.com%2F&rut=0e886a87e017d23967499b3032c7b9596ac51eacfda04f22f2e5c2b44a748007","Discover luxury travel designed by Solace Expeditions, a veteran-led boutique, offering bespoke experiences crafted with precision and care."
"private jet charter broker Singapore",bing,"Browse in Incognito mode - Computer - Google Chrome Help","https://www.bing.com/ck/a?!&&p=3bddd9d921c71e37acd30a7c7fe30a380190916036c25c35cdc558740493894eJmltdHM9MTc3NTk1MjAwMA&ptn=3&ver=2&hsh=4&fclid=28c4b812-9c65-6c3d-37ac-af2b9d116d90&u=a1aHR0cHM6Ly9zdXBwb3J0Lmdvb2dsZS5jb20vY2hyb21lL2Fuc3dlci85NTQ2ND9obD1lbiZjbz1HRU5JRS5QbGF0Zm9ybSUzRERlc2t0b3A&ntb=1","While Incognito can help keep your browsing private on your device, it doesn’t make you invisible. Websites you visit, including Google sites, and organizations that manage your network, like your …"
"private jet charter broker Singapore",bing,"Hide sensitive apps with private space - Android Help","https://www.bing.com/ck/a?!&&p=79857326ca9ea4404d1acbfc69fe16e128bd5dfcff1c88ca3210d3bea2d4d982JmltdHM9MTc3NTk1MjAwMA&ptn=3&ver=2&hsh=4&fclid=28c4b812-9c65-6c3d-37ac-af2b9d116d90&u=a1aHR0cHM6Ly9zdXBwb3J0Lmdvb2dsZS5jb20vYW5kcm9pZC9hbnN3ZXIvMTUzNDE4ODU_aGw9ZW4&ntb=1","To keep your sensitive apps away from prying eyes, you can set up private space, a separate space on your Android device to hide and organize apps. With private space, you can: Create a digital sa"
"private jet charter broker Singapore",bing,"Can't see private videos - YouTube Help - Google Help","https://www.bing.com/ck/a?!&&p=681c5bfc8fd498d32bfa3d81892d8aa8fa02952757ada315e7c1257b79d523d6JmltdHM9MTc3NTk1MjAwMA&ptn=3&ver=2&hsh=4&fclid=28c4b812-9c65-6c3d-37ac-af2b9d116d90&u=a1aHR0cHM6Ly9zdXBwb3J0Lmdvb2dsZS5jb20veW91dHViZS9hbnN3ZXIvNzcyNzI_aGw9ZW4tR0I&ntb=1","Private videos can only be seen by people who have been invited to view the video. Here are some possible reasons why you or somebody you've shared the video with aren't able to see a private video:"
"private jet charter broker Singapore",bing,"Change video privacy settings - Computer - YouTube Help","https://www.bing.com/ck/a?!&&p=cf863ac837ac66291d922da12d2ceba3bb9f9f16a6541e20470c298150f31c1eJmltdHM9MTc3NTk1MjAwMA&ptn=3&ver=2&hsh=4&fclid=28c4b812-9c65-6c3d-37ac-af2b9d116d90&u=a1aHR0cHM6Ly9zdXBwb3J0Lmdvb2dsZS5jb20veW91dHViZS9hbnN3ZXIvMTU3MTc3P2hsPWVuLUdCJmNvPUdFTklFLlBsYXRmb3JtJTNERGVza3RvcA&ntb=1","Click the down arrows under 'Visibility' and choose Public, Private or Unlisted. Save. Note: The default video privacy setting for creators aged 13–17 is private. If you're 18 or older, your default video …"
"private jet charter broker Singapore",bing,"public，private 和 static 的区别是什么？ - 知乎","https://www.bing.com/ck/a?!&&p=cc93be7a5a1e9f5c34dc52682d5d946c5a7a551b5605a2bae9f5d60099ad6b5cJmltdHM9MTc3NTk1MjAwMA&ptn=3&ver=2&hsh=4&fclid=28c4b812-9c65-6c3d-37ac-af2b9d116d90&u=a1aHR0cHM6Ly93d3cuemhpaHUuY29tL3F1ZXN0aW9uLzIwNjEwOTcy&ntb=1","。 public和private是一种修饰词，可以修饰类，方法（包括构造方法），属性，回到你说的问题这个设计是为了Java的三大特点之一的封装，也就是说用你有几个盒子你可以在上面写标签比如你写public那 …"
"private jet charter broker Singapore",bing,"Google Chrome Help","https://www.bing.com/ck/a?!&&p=b09c6270eed581c51be9f4ab647bafaee691b285198d722944a90096dd1cc097JmltdHM9MTc3NTk1MjAwMA&ptn=3&ver=2&hsh=4&fclid=28c4b812-9c65-6c3d-37ac-af2b9d116d90&u=a1aHR0cHM6Ly9zdXBwb3J0Lmdvb2dsZS5jb20vY2hyb21lLz9obD1lbi1HQg&ntb=1","Official Google Chrome Help Center where you can find tips and tutorials on using Google Chrome and other answers to frequently asked questions."
"private jet charter broker Singapore",bing,"Videos locked as private - YouTube Help - Google Help","https://www.bing.com/ck/a?!&&p=1a0e8d1bc41fc1558c0b42b358acae4a94af0992005cb9dc9c47e6d5a533941cJmltdHM9MTc3NTk1MjAwMA&ptn=3&ver=2&hsh=4&fclid=28c4b812-9c65-6c3d-37ac-af2b9d116d90&u=a1aHR0cHM6Ly9zdXBwb3J0Lmdvb2dsZS5jb20veW91dHViZS9hbnN3ZXIvNzMwMDk2NT9obD1lbi1HQg&ntb=1","Videos locked as private At YouTube, we believe in addressing abuse in ways that create real, positive impact while also making the site great for creators and viewers all over the world."
"private jet charter broker Singapore",bing,"Delete or hide your YouTube channel - Google Help","https://www.bing.com/ck/a?!&&p=27829fb1ead6169e85939653fba472cdc0395027480ade64aa9fbc362f05e5ebJmltdHM9MTc3NTk1MjAwMA&ptn=3&ver=2&hsh=4&fclid=28c4b812-9c65-6c3d-37ac-af2b9d116d90&u=a1aHR0cHM6Ly9zdXBwb3J0Lmdvb2dsZS5jb20veW91dHViZS9hbnN3ZXIvNTU3NTk_aGw9ZW4&ntb=1","Hiding your channel will make channel name, videos, likes, subscriptions, and subscribers private. Additionally, your view counts may be inaccurate. After you re-enable your channel, it can take up to …"
"private jet charter broker Singapore",bing,"什么是SPOC（Small Private Online Course）？ - 知乎","https://www.bing.com/ck/a?!&&p=79fa988dbc93833a6c28f999d5eef6fc59d942561f2cca774330695e8519dd6eJmltdHM9MTc3NTk1MjAwMA&ptn=3&ver=2&hsh=4&fclid=28c4b812-9c65-6c3d-37ac-af2b9d116d90&u=a1aHR0cHM6Ly93d3cuemhpaHUuY29tL3F1ZXN0aW9uLzIyMjUzNDM0&ntb=1","2. SPOC是private，私有的，即意味着是收费的（学习过程收费）；SPOC通常由学习者独自付费，或由学习者所在的组织付费，比如某个企业人力资源部门买下一门SPOC课程，供某个部门大概三十人左 …"
"private jet charter broker Singapore",bing,"Hide sensitive apps with private space - Pixel Phone Help","https://www.bing.com/ck/a?!&&p=954e2150f03aab391838b1031762fe7f1b4eb691c0787e456d98cace955e090aJmltdHM9MTc3NTk1MjAwMA&ptn=3&ver=2&hsh=4&fclid=28c4b812-9c65-6c3d-37ac-af2b9d116d90&u=a1aHR0cHM6Ly9zdXBwb3J0Lmdvb2dsZS5jb20vcGl4ZWxwaG9uZS9hbnN3ZXIvMTUzNDE4ODU_aGw9ZW4tZ2I&ntb=1","To keep your sensitive apps away from prying eyes, you can set up private space, a separate space on your Android device to hide and organise apps. With private space, you can: Create a digital sa"
"private aviation broker Switzerland",duckduckgo,"Welcome - Swiss Private Jet","https://duckduckgo.com/l/?uddg=https%3A%2F%2Fwww.swissprivatejet.ch%2Fen%2Fhome&rut=5dfc7bbf70839dd0d66ff041283a09c1d580fa48ed95fd48386f95b3ac31672e","ABOUT US Swiss Private Jet Based at Geneva airport, we are your one-stop shop for all private aviation services. Swiss Private Jet organizes tailor-made charter flights and expert fleet management. Our CAMO service guarantees aircraft owners the highest standards of safety and efficiency. With Swiss Private Jet, discover private aviation ""Made in Switzerland"" that will exceed your expectations."
"private aviation broker Switzerland",duckduckgo,"Livejet, your aviation broker in Swiss | LiveJet","https://duckduckgo.com/l/?uddg=https%3A%2F%2Fwww.livejet.ch%2Fen%2Faviation%2Dbroker%2F&rut=b0b6897be1734b686d2f586c92861d7809fdde74cdec1823885221bd321f18e8","LiveJet is your trusted partner for private jet charter and aviation consultancy. From our office in Lugano or directly at your location we offer professionals, companies, and private clients immediate access to a global network of aircraft, ensuring transparency, flexibility, and complete freedom of choice."
"private aviation broker Switzerland",duckduckgo,"Exklusiv Aviation Private Jet for... You","https://duckduckgo.com/l/?uddg=https%3A%2F%2Fwww.exklusivaviation.ch%2F&rut=b78fd892a6d3810a142ba4deac44eb0b0c69469c5d03f0490cf2676266671753","Exklusiv Aviation advises its clients for their aircraft purchase, management and charters with its unique Client focused philosophy since now over 20 years !! Exklusiv Aviation, the Private Aviation Company where Quality and Service are paramount !"
"private aviation broker Switzerland",duckduckgo,"DAL Aviation Switzerland : Your Private Jet Charter in the Heart of Europe","https://duckduckgo.com/l/?uddg=https%3A%2F%2Fdalaviation.ch%2F&rut=ee3b094d362d943565ce8a10131458d7fe9419002730da2b231e070297eee59d","DAL Aviation - Private jet charter & business jet hire in Switzerland. Based in Geneva, on-demand charter flights across Europe with Citation jets and King Air."
"private aviation broker Switzerland",duckduckgo,"OdinJets - Fly with Swiss precision","https://duckduckgo.com/l/?uddg=https%3A%2F%2Fwww.odinjets.com%2F&rut=7f98821b821e6e0552549d064d7c8136110407d73d60f55a0b4cf0df5867f07d","OdinJets is a Swiss-based private jet brokerage providing global charter solutions with precision, discretion and speed. We connect clients to the right aircraft, anywhere in the world, with expertise built on years in business aviation."
"private aviation broker Switzerland",duckduckgo,"Swiss Skies | Private Aviation Excellence","https://duckduckgo.com/l/?uddg=https%3A%2F%2Fswiss%2Dskies.com%2F&rut=1787b5b658c57fe38a9bd2a93a12783ca39935c214ab6b25ab67a52b53d6ed43","Swiss Skies LLC is a premium private jet charter broker dedicated to delivering seamless, personalized aviation experiences. We combine the precision and discretion of Swiss tradition with the flexibility of a modern brokerage."
"private aviation broker Switzerland",duckduckgo,"SwissCraft Aviation - Luxury Private Jet and Helicopter Charters in ...","https://duckduckgo.com/l/?uddg=https%3A%2F%2Fswisscraftaviation.com%2F&rut=1592b8b60a1bb1030ae1f042ed646513bf9530c23aff47c00e53e19ebbfd522f","As a leading aviation firm headquartered in Switzerland, SwissCraft specializes in premium private jet and helicopter charters, dependable cargo flights, and comprehensive aircraft management services."
"private aviation broker Switzerland",duckduckgo,"SWIXJET AVIATION - Fly Private, Swiss Made","https://duckduckgo.com/l/?uddg=https%3A%2F%2Fswixjet.com%2F&rut=7f75724d6fa108d2dd50acedadf7e993e6fbd2e2a855aa3672be7adb814273c1","Swixjet Aviation Ltd. is a Swiss based company. We provide you with personalized private jet flights, luxury trips and vacation rentals to more than 300 destinations around the world. Fly Private, Fly Swixjet."
"private aviation broker Switzerland",duckduckgo,"The #1 Swiss Boutique Private Jet Charter | Zadra Aviation Charter","https://duckduckgo.com/l/?uddg=https%3A%2F%2Fzadra%2Daviationcharter.ch%2F&rut=8e410d2d7c2e632fe46c3130f283806ca95d8adf33d105fffc2877e7c6ffbd4c","Swiss Private Jet Charter — Without Compromise. At Zadra Aviation Charter, we arrange your private jet charter with absolute precision, complete discretion and seamless efficiency — worldwide."
"private aviation broker Switzerland",duckduckgo,"Private jet charter company in Geneva, Switzerland - LunaJets","https://duckduckgo.com/l/?uddg=https%3A%2F%2Fwww.lunajets.com%2Fen%2Fcontact%2Dus%2Fgeneva%2Dswitzerland&rut=7231f20ec11e7344e82360c0c11d2e53ddd1919b806f6276330a3571173d5cb4","Private jet broker company in Geneva, Switzerland A stone's throw away from Geneva Airport, our Headquarters' location allows us to welcome and promptly assist our clients landing in and departing from Geneva. More than 60 committed team members, speaking over 15 languages, work under one roof at our HQ."
"superyacht brokerage Singapore",bing,"Superyachts.com | Luxury Yacht Sales, Charter, News & More","https://www.bing.com/ck/a?!&&p=90610ecb4d279539bcd056fbfadd55467a182166f41faa57cc2b177ea1dfdcc9JmltdHM9MTc3NTk1MjAwMA&ptn=3&ver=2&hsh=4&fclid=077f7598-da22-6a80-0fff-62a1db156b0a&u=a1aHR0cHM6Ly93d3cuc3VwZXJ5YWNodHMuY29tLw&ntb=1","The definitive luxury yachting portal. Yachts for sale & charter, superyacht directories, fleet, marinas, destinations, news and documentaries."
"superyacht brokerage Singapore",bing,"Superyachts, Luxury Mega Yachts for Sale & Charter | Burgess","https://www.bing.com/ck/a?!&&p=36044423822714d8bdab9cc58b467cee32222de52e89b793b7d6ae6d4c34e7b6JmltdHM9MTc3NTk1MjAwMA&ptn=3&ver=2&hsh=4&fclid=077f7598-da22-6a80-0fff-62a1db156b0a&u=a1aHR0cHM6Ly93d3cuYnVyZ2Vzc3lhY2h0cy5jb20vZW4&ntb=1","Burgess is the global leader in luxury yachts. Find out about superyacht purchase, construction, chartering and sales here or make an enquiry today."
"superyacht brokerage Singapore",bing,"Superyacht - Wikipedia","https://www.bing.com/ck/a?!&&p=74585d74d45fe1563ef7618e62073b2d8e83e27d42086162c3dc7424cfe36736JmltdHM9MTc3NTk1MjAwMA&ptn=3&ver=2&hsh=4&fclid=077f7598-da22-6a80-0fff-62a1db156b0a&u=a1aHR0cHM6Ly9lbi53aWtpcGVkaWEub3JnL3dpa2kvU3VwZXJ5YWNodA&ntb=1","A superyacht or megayacht is a large and luxurious pleasure vessel. There are no official or agreed upon definitions for such yachts, but these terms are regularly used to describe professionally …"
"superyacht brokerage Singapore",bing,"SuperYacht Times | Yachting News, Photos & Intelligence","https://www.bing.com/ck/a?!&&p=7fe3a3e91b655bf01edf8ccc51315e41f4e9b1a612b02943bd7c287b1b7028f3JmltdHM9MTc3NTk1MjAwMA&ptn=3&ver=2&hsh=4&fclid=077f7598-da22-6a80-0fff-62a1db156b0a&u=a1aHR0cHM6Ly93d3cuc3VwZXJ5YWNodHRpbWVzLmNvbS8&ntb=1","Superyacht Times is the authority in yachting. News, yachts for sale and yachts for charter, destinations and yachting intelligence."
"superyacht brokerage Singapore",bing,"Extraordinary £334million, 439ft superyacht with 2 pools arrives in UK ...","https://www.bing.com/ck/a?!&&p=0db0469f926c1f0244e75b4f7dc23b453d6035dc03971c345cdf3c39c6676a73JmltdHM9MTc3NTk1MjAwMA&ptn=3&ver=2&hsh=4&fclid=077f7598-da22-6a80-0fff-62a1db156b0a&u=a1aHR0cHM6Ly93d3cudGhlc3VuLmNvLnVrL25ld3MvMzg3ODgwMDgvc3VwZXJ5YWNodC10dXJucy1oZWFkcy1icml0aXNoLWNvYXN0LW5ldy1jaGluZXNlLW93bmVyLw&ntb=1","23 hours ago · A PALATIAL £334million superyacht has turned heads on the South coast before being handed over to its Chinese billionaire owner. Deep Blue is a 439ft, 9,000-tonne, five-deck luxury …"
"superyacht brokerage Singapore",bing,"Mega & Superyachts for Sale - Northrop & Johnson","https://www.bing.com/ck/a?!&&p=79817a5b109f2825c7fa29523464ba17112835fc6a7d23bcfbc4f01772446cc9JmltdHM9MTc3NTk1MjAwMA&ptn=3&ver=2&hsh=4&fclid=077f7598-da22-6a80-0fff-62a1db156b0a&u=a1aHR0cHM6Ly93d3cubm9ydGhyb3BhbmRqb2huc29uLmNvbS95YWNodHMtZm9yLXNhbGUvc3VwZXJ5YWNodHM&ntb=1","Selecting the ideal superyacht is an exciting journey, and with the expertise of our brokers, you’ll navigate through a myriad of options and features, from style and type to décor and amenities."
"superyacht brokerage Singapore",bing,"BOAT International | The Superyacht and Luxury Yacht Guide","https://www.bing.com/ck/a?!&&p=ba8f60e6373a55b31ecf1577054faf6ac5a409f76f63801084786967978fc6aeJmltdHM9MTc3NTk1MjAwMA&ptn=3&ver=2&hsh=4&fclid=077f7598-da22-6a80-0fff-62a1db156b0a&u=a1aHR0cHM6Ly93d3cuYm9hdGludGVybmF0aW9uYWwuY29tLw&ntb=1","The definitive guide to luxury yachts and the yachting lifestyle. News, superyacht specs, yachts for sale, yachts for charter, destinations and market data."
"superyacht brokerage Singapore",bing,"Superyachts | The Ultimate Guide to Mega Luxury | YATCO","https://www.bing.com/ck/a?!&&p=f2fe5230bd896ff19da638aca86f29f42b921467a01ba5b4659cd718c95442deJmltdHM9MTc3NTk1MjAwMA&ptn=3&ver=2&hsh=4&fclid=077f7598-da22-6a80-0fff-62a1db156b0a&u=a1aHR0cHM6Ly93d3cueWF0Y28uY29tL3N1cGVyeWFjaHRzLw&ntb=1","15 May 2025 · What is a Superyacht? A superyacht is typically defined as a luxury vessel over 24 meters (approximately 79 feet) in length, but definitions vary slightly depending on industry …"
"superyacht brokerage Singapore",bing,"What Is a Superyacht? Understanding Size, Scale, and Terminology","https://www.bing.com/ck/a?!&&p=453fd2993cd7e35381d760d9c553ca1d7ff319ce21742b547c10ce69a7c78389JmltdHM9MTc3NTk1MjAwMA&ptn=3&ver=2&hsh=4&fclid=077f7598-da22-6a80-0fff-62a1db156b0a&u=a1aHR0cHM6Ly93d3cueWFjaHR3b3JsZC5jb20vcmVzZWFyY2gvd2hhdC1pcy1hLXN1cGVyeWFjaHQtdW5kZXJzdGFuZGluZy1zaXplLXNjYWxlLWFuZC10ZXJtaW5vbG9neS8&ntb=1","18 Dec 2025 · At its core, a superyacht is a privately owned luxury yacht that exceeds a certain length and is designed for long-range cruising, extended stays aboard and professional crew operation."
"superyacht brokerage Singapore",bing,"Superyacht with helipad and infinity pool arrives in Poole","https://www.bing.com/ck/a?!&&p=192bdc37152e3614ff3bbbd0f6919a26feaf6daefc160c8e780e71abf35b4d96JmltdHM9MTc3NTk1MjAwMA&ptn=3&ver=2&hsh=4&fclid=077f7598-da22-6a80-0fff-62a1db156b0a&u=a1aHR0cHM6Ly93d3cuYm91cm5lbW91dGhlY2hvLmNvLnVrL25ld3MvMjYwMTE1Njkuc3VwZXJ5YWNodC1oZWxpcGFkLWluZmluaXR5LXBvb2wtYXJyaXZlcy1wb29sZS8&ntb=1","1 day ago · A extraordinary six-deck superyacht with a helipad and curved infinity pool has attracted widespread attention as it arrived in Poole Harbour today."
